都道府県コード又は市区町村コード,NO,都道府県名,市区町村名,エリア,名称,名称_カナ,名称_英語,POIコード,住所,方書,緯度（10進法）,経度（10進法）,利用可能曜日,開始時間,終了時間,利用可能時間特記事項,料金（基本）,料金（詳細）,説明,説明_英語,アクセス方法,駐車場情報,バリアフリー情報,連絡先名称,連絡先時電話番号,連絡先内線番号,画像,画像_ライセンス,URL（公式）,備考,分類,テーマ（旅行の趣向性）,主な対象,おすすめ季節,決済方法,平均単価（昼）,平均単価（夜）
011002,0000000003,北海道,札幌市,大通ウェスト,喫茶つばらつばら,キッサツバラツバラ,Kissa Tsubara Tsubara,2422,北海道札幌市中央区南1条西13丁目317-2 三誠ビル 1F,,43.060779,141.33825,月;木;金;土;日;,12:00,21:00,不定休,600円,"アイス珈琲　600円。今月のおやつ（お飲物付き）　1,080円。ケーキセット　980円。",大正時代からある古いグレーのオフィスビル。市電通りにみえる「喫茶徒歩25歩」の看板が目印です。西向きの仲通りに入口があります。天井の高いカウンターばかりのちいさなお店です。時々聞こえる市電の走る音を耳にしながら、本を読んだり、手紙を書いたり。そんな思い思いの時間を過ごしにいらしてください。,"An old gray office building from the Taisho era. You can see the signboard of ""Cafe 25 steps on foot"" on the streetcar street as a landmark. The entrance is on Naka-dori facing west. It is a small shop with only counters with high ceilings.While listening to the sound of the streetcar running from time to time, read a book or write a letter. Please come and spend such a thoughtful time.",西15目駅から253m。,無,,喫茶つばらつばら,(011)272-0023,,https://ckan.pf-sapporo.jp/dataset/sapporo_kankou_spot/resource/8fb988a9-1c4d-4a84-8ccd-17c958d87d84,CC BYに準拠。,http://tubara2.com/,,カフェ;飲食;歴史;文化;朝食;ランチ;,一味違う;共感;体験重視;,若者G;家族;熟年;欧米豪;台湾;韓国;香港;中国;シンガポール;カップル;アジア富裕層;アジアその他;,春;夏;秋;冬;,クレジットカード;,"1,000～1,999円","1,000～1,999円"
011002,0000000008,北海道,札幌市,すすきの,パティスリー オカシ ガク,パティスリー オカシガク,patisserie OKASHI GAKU,2707,北海道札幌市中央区南4条西2丁目10−1 南4西2ビル1F,,43.056268,141.355917,月;火;水;木;金;土;日;,17:00,23:00,不定休,580円,苺のショートケーキ　580円。モンブラン　530円。36chocolat banana　580円。,オカシは学問である。いつでも計算スイーツを。店舗前にもスイーツ缶の自販機設置。,Okashi is learning. Computing suites anytime. A sweets can vending machine is also installed in front of the store.,豊水すすきの駅から徒歩3分。,無,,パティスリー オカシガク,(011)252-9911,,https://ckan.pf-sapporo.jp/dataset/sapporo_kankou_spot/resource/07f25252-7e64-4e0e-aa18-501ff099a2c5,CC BYに準拠。,https://risotteria-gaku.net/,,飲食;,一味違う;,家族;,春;夏;秋;冬;,クレジットカード;QR決済;現金;,,
011002,0000000015,北海道,札幌市,すすきの,薄野喫茶 パープルダリア,ススキノキッサ　パープルダリア,Susukuno Cafe Purple Dahlia,2422,北海道札幌市中央区南6条西4丁目1番地11,,43.053605,141.352547,火;水;木;金;土;日;,18:00,25:00,火-土　18:00-25:00。日　18:00-24:00。定休日：月曜日　※フードラストオーダー閉店１時間前、ドリンクラストオーダー閉店30分前となります。,960円,"オムライス　960円。煮込みハンバーグカレー　1,180円。フルーツパフェ　1,480円。",薄野らしい、どこか懐かしいけど新しい個性的な喫茶店。美味しいカレーやボリューミーなパフェが魅力的。人と会い、会話し、心が通う。そんな時間をお楽しみください。,"A new and unique coffee shop that is somewhat nostalgic like Susuno. Delicious curry and hearty parfaits are attractive.Meet people, have conversations, get to know each other.Enjoy your time.",すすきの駅　徒歩3分すすきの駅（市営）から250m。,無,,薄野喫茶 パープルダリア,(011)211-6991,,https://ckan.pf-sapporo.jp/dataset/sapporo_kankou_spot/resource/25669767-198b-4242-9c4f-ae8a12f01aff,CC BYに準拠。,http://wondercrew.jp/purple-dahlia/,,飲食;カフェ;ランチ;ディナー;,一味違う;感度;体験重視;,若者G;カップル;家族;熟年;欧米豪;台湾;韓国;香港;中国;シンガポール;アジア富裕層;アジアその他;,春;夏;秋;冬;,現金;クレジットカード;電子マネー可;,"1,000～1,999円","1,000～1,999円"
011002,0000000027,北海道,札幌市,すすきの,浄土宗 新善光寺,ジョウドシュウ シンゼンコウジ,Jodo sect Shinzenkoji,0702,北海道札幌市中央区南6条西1丁目2,,43.054605,141.357517,月;火;水;木;金;土;日;,08:00,17:00,＜参拝可能時間＞寺院内は午前8時-午後5時(事前連絡あれば前後1時間は参拝可能です)。どなたでもお参りできます。,,,新善光寺は、北海道札幌市にある浄土宗の寺院です。明治17年の開山以来、寺門興隆とお檀家様の安泰を見守り続けています。,"Shinzenkoji is a Jodo sect temple located in Sapporo, Hokkaido. Since the opening of the mountain in 1884, we have continued to watch over the prosperity of the temple gate and the peace of the parishioners.",地下鉄東豊線　豊水すすきの駅　7番出口よりすぐ。地下鉄南北線　すすきの駅より　徒歩5分。,有,,浄土宗 新善光寺,(011)511-0262,,https://ckan.pf-sapporo.jp/dataset/sapporo_kankou_spot/resource/f371e664-b996-451b-8c0c-108060b8c731,CC BYに準拠。,http://s-zenkoj.com/index.htm,,歴史;文化;体験;,人つながり;感度;体験重視;共感;,熟年;欧米豪;台湾;韓国;香港;中国;シンガポール;カップル;アジア富裕層;アジアその他;若者G;家族;ビジネス;,春;夏;冬;秋;,現金;,,
011002,0000000031,北海道,札幌市,すすきの,成田山札幌別院新栄寺,ナリタサンサッポロベツイン シンエイジ,Naritasan Sapporo Betsuin Shineiji,0702,北海道札幌市中央区南7条西3丁目2,,43.05275,141.354619,月;火;水;木;金;土;日;,07:30,16:00,,,,"成田山新栄寺は、千葉県成田市にある大本山成田山新勝寺の札幌別院です。当山の開創は明治時代です。明治2年（1869年）に北海道開拓使が置かれて以来、本州、四国、九州方面から多くの人々が新天地開拓のために北海道へ移住しました。自然環境の厳しい北海道の開拓は容易ではなく、筆舌に尽くせぬ艱難辛苦を味わった、と当時の記録にあります。そのような苦労の中、心の支えとしてお不動さまを信仰していた人々が発起人となり、明治18年（1885年）、現在の地に仮堂を建設し大本山より御本尊不動明王のご分身を勧請し開創されました。明治22年（1889年）に成田山札幌別院新栄寺と公称。明治24年（1891年）には加持堂が建立されました。明治42年（1909年）、岩手県気仙沼郡出身の棟梁,花輪喜久蔵の設計・監修により旧本堂が建立されましたが、昭和39年（1964年）に放火により焼失。その後昭和49年（1974年）の再建を経て、平成15年（2003年）、開創120周年を記念して伝統様式の本堂が建立され現在に至っております。","Naritasan Shineiji Temple is the Sapporo branch of Naritasan Shinshoji Temple, located in Narita City, Chiba Prefecture.The temple was founded in the Meiji era.Since the Hokkaido Development Commission was established in 1869, many people from Honshu, Shikoku, and Kyushu migrated to Hokkaido to develop new land.According to records from the time, it was not easy to develop Hokkaido, which has a harsh natural environment, and experienced hardships beyond description.In the midst of these hardships, people who believed in Fudo-sama as a source of emotional support became the founders, and in 1885, a temporary hall was constructed on the current site, and the principal image of Fudo-myo-o was enshrined from Daihonzan. It was founded by soliciting an alter ego.In 1889, it was officially called Naritasan Sapporo Betsuin Shineiji.Kajido was built in 1891.In 1909 (Meiji 42), the former main hall was built under the design and supervision of Kikuzo Hanawa, a master carpenter from Kesennuma-gun, Iwate Prefecture, but it was destroyed by arson in 1964 (Showa 39).After the reconstruction in 1974, the traditional style main hall was built in 2003 to commemorate the 120th anniversary of its founding.",地下鉄南北線「すすきの」駅より徒歩5分（3番出口）。地下鉄東豊線「豊水すすきの」駅より徒歩5分（7番出口）。,有,,成田山札幌別院 新栄寺,(011)511-0927,,https://ckan.pf-sapporo.jp/dataset/sapporo_kankou_spot/resource/293e6865-4830-4b86-be8e-dc9bab3f0dfc,CC BYに準拠。,http://sapporo-naritasan.jp/,,歴史;文化;体験;,人つながり;感度;体験重視;共感;一味違う;,若者G;家族;ビジネス;熟年;欧米豪;台湾;韓国;香港;中国;カップル;シンガポール;アジア富裕層;アジアその他;,春;夏;秋;冬;,現金;,,
011002,0000000035,北海道,札幌市,すすきの,東本願寺 札幌別院,ヒガシホンガンジサッポロベツイン,Higashi Honganji Sapporo Branch,0702,北海道札幌市中央区南7条西8丁目290番,,43.050427,141.348142,月;火;水;木;金;土;日;,06:00,17:00,,,,我が真宗大谷派(東本願寺）教団は、明治3年（1870）7月、 当時弱冠19歳の現如上人を責任者として、随員百数十名と共に 北海道の開拓、開教に着手いたしました。それは、時の明治新政府の政治状況と深く関わりをもつものでありますが、大きな時代の変革に対応する宗門の事業として、大谷派宗門は「新道切開」「移民奨励」「教化普及」の三つを柱として事業遂行に当ったのであります。現在の札幌別院は、明治政府から下賜された地に、東本願寺の管刹（寺）を建立したのが始まりで、後に明治9年札幌別院と改められました。それ以後、北海道に於ける教化伝道の拠点となって活動し今日に至っております。長い歳月を経た今日、札幌市は高層ビルが建ち並び、180万の人口を擁する日本でも代表的な大都市に発展致しました。そのような時代の変遷、街並みの変貌を一世紀以上にわたり、静かに見つめてきた札幌別院は、唯一街の証人ともいえます。境内に根をしっかり下ろした銀杏や柏の大樹、風雪に耐えに耐えてきた御堂等、いかにも先人のご苦労の歴史を物語ってくれています。鐘楼の梵鐘の音は、今日の我々に、語り部として静かに響きを伝えてくれます。,"In July 1870, our Otani sect of Shinshu sect (Higashi Honganji Temple), with Gennyo Shonin, who was only 19 years old at the time, as the leader, started the reclamation and opening of the religion in Hokkaido with more than 100 attendants. It is closely related to the political situation of the new Meiji government at that time, but as a project of the sect to respond to the major changes of the times,The Otani sect carried out its business based on the three pillars of ""breaking new roads,"" ""encouraging immigrants,"" and ""spreading indoctrination.""The present-day Sapporo Betsuin began with the construction of Higashi Honganji temple on land granted by the Meiji government, and was later renamed Sapporo Betsuin in 1877.Since then, it has been active as a base for edification and evangelism in Hokkaido to this day. After many years, Sapporo has developed into one of Japan's major cities, with a population of 1.8 million and skyscrapers.For more than a century, Sapporo Betsuin has quietly observed the changes of the times and the townscape, and can be said to be the only witness of the city.The ginkgo and oak trees that have firmly taken root in the precincts, and the temple that has endured the wind and snow all tell the story of the hardships of our predecessors. The sound of the temple bell of the bell tower conveys a quiet echo to us today as a storyteller.",札幌駅から地下鉄南北線真駒内行に乗車。「すすきの」で下車し、市電外回りに乗車。「東本願寺前」にて下車し、徒歩1分。,有,,真宗大谷派札幌別院,(011)511-0502,,https://ckan.pf-sapporo.jp/dataset/sapporo_kankou_spot/resource/f0027462-94f7-4248-acfb-419f6197ae2d,CC BYに準拠。,http://www.ohigashi.or.jp,別名「東本願寺札幌別院」,歴史;文化;体験;,人つながり;感度;体験重視;共感;一味違う;,若者G;家族;ビジネス;熟年;欧米豪;台湾;韓国;香港;中国;シンガポール;カップル;アジア富裕層;アジアその他;,春;夏;秋;冬;,現金;,,
011002,0000000039,北海道,札幌市,札幌駅南・大通,大人座,オトナザ,OTONAZA,0406,北海道札幌市中央区南1条西1丁目3 板谷ビル8階,,43.059898,141.356551,月;火;水;木;金;土;日;,10:00,24:00,土曜日10:00-22:00。日曜祝日 11:00-18:00。空席情報は「vacan 大人座」で検索。10:00-19:00　時間制のコワーキングカフェタイム。19:00-24:00（lo23:00）バータイム(会員制)。,600円,"コワーキングカフェタイム0-2h　600円（1ドリンク付）、2-4h　1,000円（1ドリンク付）。1day　2,000円（1ドリンク付）。",大人座は、仕事にも遊びにも使えるカフェ＆バー。北海道は札幌のど真ん中、テレビ塔のすぐそばにある大人のための基地です。ちょっとスキマ時間に、仕事したり読書したり。夜な夜な集まって、お酒片手に、仲間と企みごとしてみたり。美味しい珈琲とお酒。WIFIと電源も完備。刺激的な人や、遊びや、ビジネスと出会うことのできるふざけたお店で御座います。,"Otonaza is a cafe and bar that can be used for both work and play.Hokkaido is a base for adults right in the middle of Sapporo, right next to the TV tower. Work or read in your spare time.Get together night after night, drink in one hand, and try to plot with your friends. Delicious coffee and sake. WIFI and power supply are also provided. It is a playful shop where you can meet exciting people, play and business.",札幌市営地下鉄 大通駅37番出口から徒歩1分。,無,エレベーター;,大人座,(011)206-1294,,https://ckan.pf-sapporo.jp/dataset/sapporo_kankou_spot/resource/fbfe9dd5-8338-421f-934d-0c47b3c32198,CC BYに準拠。,https://www.otonaza.com/,,カフェ;,人つながり;,ビジネス;,春;夏;秋;冬;,現金;クレジットカード;電子マネー;,999円,"1,000円～1,999円"
011002,0000000048,北海道,札幌市,狸小路,KAKUイマジネーション,カクイマジネーション,KAKU Imagination,2603,北海道札幌市中央区南3条西7丁目4,,43.056835,141.347657,月;火;水;木;金;土;日;,11:00,20:00,不定休。日曜・祝日は17:00まで。,,,まちなかに残る木造建築,Wooden architecture that remains in the town.,資生館小学校前駅出口から徒歩約2分。西８丁目駅出口から徒歩約4分 。すすきの駅2出口から徒歩約6分。,無,,華宮,(011)281-2909,,https://ckan.pf-sapporo.jp/dataset/sapporo_kankou_spot/resource/d549aca3-696c-435e-b8f0-8f9fc420a773,CC BYに準拠。,なし,,歴史;文化;体験;飲食;カフェ;人;ランチ;ヴィーガン;生活;,人つながり;感度;体験重視;共感;一味違う;,若者G;家族;熟年;シンガポール;カップル;アジア富裕層;アジアその他;欧米豪;台湾;韓国;香港;中国;,春;夏;秋;冬;,現金;,,
011002,0000000053,北海道,札幌市,狸小路,本陣狸大明神社,ホンジンタヌキダイミョウジンジャ,Honjin Tanuki Daimyo Shrine,0701,北海道札幌市中央区南2条西5丁目,,43.057695,141.355385,月;火;水;木;金;土;日;,00:00,24:00,,,,狸神社と通称で言われる「本陣狸大明神社」は、狸小路100年記念大祭を機に、1973年（昭和48年）年8月11日、狸小路4丁目エイトビル（現在のアルシュビル）に創建されました。様々な人たちの縁をつないできた狸神社ははこれからも、商売繁盛の守り神として、今後も狸小路と共に歩んでいきます。,"“Honjin Tanuki Daimyo Shrine”, commonly known as Tanuki Shrine, was opened on the occasion of Tanukikoji 100th Anniversary Festival.It was founded on August 11, 1973 (Showa 48) in Tanukikoji 4-chome Eight Building (currently Allsheville).Tanuki Shrine, which has been able to connect various people, will continue to. As a guardian deity of prosperous business, we will continue to walk with Tanukikoji.",札幌市営地下鉄南北線・東西線・東豊線「大通」下車、徒歩6分。札幌市営地下鉄南北線「すすきの」下車、徒歩6分。札幌市電「狸小路」下車、徒歩4 分。,無,,札幌狸小路商店街振興組合,(011)241-5125,,https://ckan.pf-sapporo.jp/dataset/sapporo_kankou_spot/resource/8a79bcb6-8cbd-4765-a744-274cf77063f7,CC BYに準拠。,https://goo.gl/maps/c76rkq8PbxqEYiiL8,,歴史;文化;,感度;,若者G;家族;熟年;欧米豪;台湾;韓国;香港;中国;シンガポール;カップル;アジア富裕層;アジアその他;,春;夏;秋;冬;,,,
011002,0000000067,北海道,札幌市,すすきの,Half Note,ハーフノート,Half Note,2408,北海道札幌市中央区南3条西5丁目 三条美松ビルB1階,,43.057027,141.350672,月;火;水;木;金;土;,15:00,24:00,月-木　17:30 - 24:00。金・土　15:00 - 24:00。定休日　毎週日曜日。,"1,050円","ナス＆パルメザンチーズのピザ　サラダ添え　M1,050円／ハーフ750円。チーズ盛り合わせ　1,300円。自家製ピクルス　600円。",Half Note(ハーフノート)は　2001年11月札幌市中央区にジャズを聴かせるライブハウスとしてOpenしました。以来、北海道を代表するミュージシャンたちのライブを中心に、プロのアーティストの演奏の場所として愛され、温かいライブが繰り広げられています。コロナ禍により厳しい状況の中、試行錯誤のもと現在はライブ配信（有観客、無観客）も可能になっています。,"Half Note opened in November 2001 in Chuo-ku, Sapporo as a live house where you can listen to jazz.Since then, it has been loved as a place for professional artists to perform, mainly for live performances by musicians representing Hokkaido, and warm live performances are unfolding.Due to the difficult situation caused by the corona virus, it is now possible to stream live (with or without an audience) through trial and error.",地下鉄すすきの駅より、徒歩5分。狸小路駅から194m。,無,,Half Note,(011)261-5880,,https://ckan.pf-sapporo.jp/dataset/sapporo_kankou_spot/resource/71aa5249-4d49-436d-8dd4-4f6fa6ef0eef,CC BYに準拠。,http://halfnote.zero-city.com/index.html,,歴史;文化;飲食;ディナー;,人つながり;感度;体験重視;共感;一味違う;,若者G;家族;熟年;欧米豪;台湾;韓国;香港;中国;シンガポール;カップル;アジア富裕層;アジアその他;,夏;春;冬;秋;,現金;クレジットカード;,,"3,000～3,999円"
011002,0000000071,北海道,札幌市,狸小路,札幌新倉屋 本店,サッポロニイクラヤ　ホンテン,SAPPORO NIIKURAYA main branch,2708,北海道札幌市中央区南2条西6丁目3-2 岡田ビル,,43.057712,141.34908,月;火;水;木;金;土;日;,09:00,18:30,月-土 9:00-18:30 (喫茶LO 17:30) 。日・祝 9:00-18:00 (喫茶LO 17:00),108円,花園だんご（ごま、正油、抹茶、白あん、黒あん）108円。おはぎ（つぶあん、こしあん）130円。クリームぜんざい　730円。,札幌の狸小路6丁目で60年創業の和菓子店です！ お団子やお菓子のお持ち帰りはもちろん、喫茶でお食事も出来ます。,"A Japanese confectionery shop with 60 years of history in Tanukikoji 6-chome, Sapporo! You can take home dumplings and sweets, and you can also eat at the cafe.",資生館小学校前駅出口から徒歩約3分。西8丁目駅出口から徒歩約4分。大通駅1出口から徒歩約5分。,無,,株式会社　札幌新倉屋,(011)281-5191,,https://ckan.pf-sapporo.jp/dataset/sapporo_kankou_spot/resource/a92a0a56-3e69-4aa5-91d9-55ae851c87a2,CC BYに準拠。,https://niikuraya263.thebase.in/,,飲食;カフェ;朝食;ランチ;,感度;共感;,若者G;家族;熟年;欧米豪;台湾;韓国;香港;中国;シンガポール;カップル;アジア富裕層;アジアその他;,春;夏;秋;冬;,現金;,999円,
011002,0000000081,北海道,札幌市,狸小路,シアターキノ,シアターキノ,THEATER KINO,1011,北海道札幌市中央区南3条西6丁目南3条グランドビル2Ｆ,,43.056438,141.348594,月;火;水;木;金;土;日;,09:00,21:00,上映映画により異なる,"1,800円","【一般】1,800円。【学生】1,400円※学生証の提示をお願いします。【高校生以下】1,000円※学生証の提示をお願いします。【シニア(６０歳以上）】1,200円※年齢証明のご提示をお願いします。【障がい者手帳お持ちの方】1,000円※障がい者の介添の方も１名まで1,000円。 【夫婦50割引(夫婦どちらかが50歳以上のお客様)】ご夫婦お二人で2,400円※チケット購入はお二人お揃いでお願いします。",札幌のミニシアター、シアターキノです,"Theater KINO, a mini theater in Sapporo.",地下鉄「地下鉄大通駅」「地下鉄すすきの駅」より徒歩10分。市電資生館小学校前で下車、徒歩2分。北に100ｍですぐです。,無,車いす・他目的トイレ;入口段差なし;障がい者手帳割引あり;,シアターキノ,(011)231-9355,,https://ckan.pf-sapporo.jp/dataset/sapporo_kankou_spot/resource/59e03291-a46a-4aec-a78d-2cb593ec1b1c,CC BYに準拠。,https://www.theaterkino.net/about.html,定休日・営業時間不明　車イスでの鑑賞スペースは各館2席あり,文化;体験;カフェ;飲食;ランチ;,感度;体験重視;共感;,若者G;家族;熟年;カップル;,春;夏;秋;冬;,現金;,,
011002,0000000091,北海道,札幌市,狸小路,齋藤印舗,サイトウインホ,Saito Inpo,3603,北海道札幌市中央区南2条西1丁目,,43.057931,141.357125,月;火;水;木;金;土;日;,10:00,18:00,元旦のみ休業,,,古くからの狸小路の雰囲気を残す,Preserving the atmosphere of Tanukikoji from long ago.,大通駅36出口から徒歩2分。豊水すすきの駅1出口から徒歩3分。バスセンター前駅1出口から徒歩約3分。,無,,斉藤印房,(011)231-0951,,https://ckan.pf-sapporo.jp/dataset/sapporo_kankou_spot/resource/3200d2f7-5e71-4655-82cf-1731283c3d95,CC BYに準拠。,なし,,生活;,一味違う;,ビジネス;,春;夏;秋;冬;,現金;,,
011002,0000000092,北海道,札幌市,すすきの,さっぽろ川甚本店,サッポロカワジンホンテン,Sapporo Kawajin,2402,北海道札幌市中央区南7条西3丁目,,43.052125,141.355103,月;火;水;木;金;土;,11:30,22:00,ランチ　午前11:30-午後2:30(L.O.午後2時)。ディナー　午後5:00-午後10:00(L.O.午後9時30分)。,"4,320円","体に優しい健康料理（昼席）　6,600円。料理長おまかせ会席（会席）　55,000円。",老舗には、いつも旬があふれています。ここ札幌すすきのの鴨々川のほとりに店を構えたのは昭和二十年のこと。以来、各界の要人をお招きして参りました。受け継いだおもてなしの心と技を尽くし、季節の彩りを繊細に仕立てた会席料理をご用意して皆様をお迎えいたします。趣き深い雰囲気の中で四季折々の美味をゆったりとご賞味ください。,"Long-established shops are always in season. It was here in 1945 that we set up a store on the banks of the Kamokamo River in Susukino, Sapporo. Since then, we have invited dignitaries from all walks of life.We will welcome you with kaiseki cuisine that is delicately tailored to the colors of the season, using the spirit and techniques of hospitality that we have inherited. Relax and enjoy the seasonal delicacies in a quaint atmosphere.",地下鉄南北線すすきの駅より徒歩5分。中島公園駅より徒歩2分。地下鉄東豊線豊水すすきの駅より徒歩4分。豊水すすきの駅から301m。,有,,さっぽろ川甚本店,(011)511-3234,,https://ckan.pf-sapporo.jp/dataset/sapporo_kankou_spot/resource/602009b3-2d7b-4ccd-8ac0-9f3dd2b408a1,CC BYに準拠。,https://kawajin.com/,定休日：日曜、祝祭日　※臨時休業日となる日もあります。詳しくはホームページをご覧ください。,飲食;ランチ;ディナー;,一味違う;感度;人つながり;,若者G;家族;ビジネス;熟年;欧米豪;台湾;韓国;香港;中国;シンガポール;カップル;アジア富裕層;アジアその他;,春;夏;秋;冬;,現金;クレジットカード;,"4,320円","13,000～20,000円"
011002,0000000101,北海道,札幌市,すすきの,居酒商 古典家,イザカショウ　コテンヤ,Izakaya kotenya,2408,北海道札幌市中央区南5条西2丁目1-1,,43.055169,141.356496,月;火;水;木;金;土;日;,11:00,25:00,ランチ　月-金:11:00-14:00 (L.O 13:00)。土日、祝日: お休み。夜営業　月-土: 17:30-2:00 (L.O 1:00)。日・祝: 17:00-1:00 (L.O 12:00)。,590円,古典丼　590円。カレーライス　600円。とり串　130円。,豊水すすきの駅すぐ、大勢でわいわい楽しめる焼酎の居酒屋,Right next to Hosui Susukino Station.,地下鉄東豊線「豊水すすきの駅」徒歩1分。地下鉄東西線「すすきの駅」徒歩約4分。豊水すすきの駅から22m。,無,,居酒商 古典家,(011)512-3535,,https://ckan.pf-sapporo.jp/dataset/sapporo_kankou_spot/resource/71fe4b61-805b-4a23-91dd-7ee33e4331fe,CC BYに準拠。,https://www.instagram.com/kotenya3535/,,飲食;ランチ;ディナー;,共感;一味違う;感度;,若者G;家族;ビジネス;熟年;欧米豪;台湾;韓国;香港;シンガポール;中国;カップル;アジア富裕層;アジアその他;,夏;秋;冬;春;,現金;クレジットカード;,"1,000円","3,000～3,999円"
011002,0000000108,北海道,札幌市,すすきの,生ラムジンギスカン山小屋,ナマラムジンギスカンヤマゴヤ,Fresh lamb Genghis Khan Yamagoya,2414,北海道札幌市中央区南4条西4丁目13番地2 第5グリーンビル 1階,,43.055825,141.351976,月;火;木;金;土;日;,11:30,21:00,11：30-14：30 （土曜・日曜のみ16：00-21：00）※ラストオーダーは閉店時間の30分前となっております。定休：水曜日・年末年始※連休時はお問い合わせ下さい。,"1,210円","生ラム　1,210円。山小屋特製もち　440円。",昭和31年から引き継がれるたれにこだわった人気店。北海道ジンギスカン店の草分け的な存在で、夏期間のみ営業の小樽「景勝園（けいしょうえん）」の味を「通年で楽しみたい！」という声にお応えして、平成15年にオープンしたジンギスカン専門店です。山小屋風の店内は、カウンター席のみのこじんまりとしたアットホームな雰囲気が特徴です。,"A popular restaurant that has been handed down since 1956. Opened in 2003, this Jingisukan specialty restaurant was opened in 2003 in response to voices saying, ""I want to enjoy all year round!"" It's a store.The inside of the mountain lodge-style restaurant is characterized by a cozy and cozy atmosphere with only counter seats.",地下鉄南北線「すすきの」駅、市電「すすきの」駅から徒歩3分。,無,,生ラムジンギスカン山小屋,(011)271-2853,,https://ckan.pf-sapporo.jp/dataset/sapporo_kankou_spot/resource/0ca21775-b894-4f1d-80b4-41a70e8e5850,CC BYに準拠。,http://suginome.jp/shop/yamagoya.html,,飲食;ランチ;ディナー;,一味違う;共感;感度;,若者G;家族;熟年;欧米豪;台湾;韓国;香港;中国;シンガポール;カップル;アジア富裕層;アジアその他;,夏;春;秋;冬;,現金;QR決済;クレジットカード;,"2,000～2,999円","3,000～3,999円"
011002,0000000124,北海道,札幌市,中島公園,札幌市こども人形劇場こぐま座,サッポロシコドモニンギョウゲキジョウコグマザ,Kogumaza Puppet Theater,1012,北海道札幌市中央区中島公園1番1号,,43.047531,141.354604,火;水;木;金;土;日;,09:00,17:00,主に、土・日・祝日は公演を行っています。,,,札幌市こども人形劇場こぐま座は、公立としては、日本で初めて造られた人形劇の専門劇場です。1976年（昭和51年）7月に中島公園に建設されました。当時、札幌市長が、姉妹都市のミュンヘンを訪れた折、目を輝かせて人形劇に見入っている子どもたちの姿に感動を受け、札幌にもぜひ人形劇場を造りたいということから、全国初の公立人形劇場が誕生しました。以来、いろいろな人形劇や紙芝居、腹話術などを上演し、札幌の子どもたちや市民のみなさまに親しまれてきました。『ワクワク』『ドキドキ』『ワッハッハ』たまには『ホロリ』～人形劇を通して、子どもたちが心豊かに育ち、いつも笑顔で明るく健やかに育ってくれることを90席のちっちゃな劇場は願っています。,"Sapporo Children's Puppet Theater Kogumaza is the first public puppet theater in Japan. It was built in Nakajima Park in July 1976 (Showa 51). At that time, when the mayor of Sapporo visited Munich, its sister city, he was moved by the sight of children watching a puppet show with sparkling eyes. The public puppet theater was born. Since then, various puppet shows, picture-story shows, and ventriloquism have been performed, and have been loved by the children and citizens of Sapporo. ""Wakuwaku"", ""Pounding"", ""Wahhaha"", and sometimes ""Horori"" Through the puppet show, our small theater with 90 seats hopes that the children will grow up rich in spirit, always smiling and bright and healthy.",地下鉄南北線「中島公園駅」3番出口より徒歩1分。,無,,札幌市こども人形劇場こぐま座,(011)512-6886,,https://ckan.pf-sapporo.jp/dataset/sapporo_kankou_spot/resource/7a3747a9-b0bd-47ec-bf02-316190600ad7,CC BYに準拠。,https://koguyama.jp/,演目により料金発生します。,歴史;文化;体験;人;,人つながり;共感;感度;体験重視;一味違う;,家族;熟年;,春;夏;秋;冬;,現金;,,
011002,0000000126,北海道,札幌市,中島公園,札幌護國神社,サッポロゴコクジンジャ,Sapporo Gokoku Shrine,0701,北海道札幌市中央区南15条西5丁目1−3,,43.04082,141.353062,月;火;水;木;金;土;日;,07:00,16:00,,,,札幌護国神社のホームページにお越し下さいまして誠に有難うございます。当神社は、明治10年の西南の役に戦病没した屯田兵の御霊をお慰めするため、明治12年に創建いたしました。以来、殉国の御霊を御祀りしてまいりました。国家の守護神　「護国の神霊」鎮まり坐す平和の苑、「彰徳苑」に御詣り下さい。縁結びの多賀の大神等（夫婦祖神）御照覧、桜の杜の聖域に御参拝下さい。,"Thank you for visiting the website of Sapporo Gokoku Shrine.This shrine was established in 1879 to comfort the spirits of Tondenhei who died during the Seinan War in 1877. Since then, we have enshrined the spirit of martyrdom.Please visit the ``Shoutokuen'', a garden of peace where the ``divine spirit of the country's protector'' resides. Please see Taga no Okami (married ancestors), etc., and visit the sanctuary of Sakura no Mori.",地下鉄南北線幌平橋下車徒歩5分。市電行啓通下車徒歩5分。,有,,札幌護国神社,(011)511-5421,,https://ckan.pf-sapporo.jp/dataset/sapporo_kankou_spot/resource/9e13a2b8-3e11-4d45-8668-a99511bfeb89,CC BYに準拠。,"
https://sapporo-gokoku.jp",,歴史;文化;体験;人;,感度;体験重視;一味違う;共感;,若者G;家族;熟年;欧米豪;台湾;韓国;香港;中国;シンガポール;カップル;アジア富裕層;アジアその他;,春;夏;秋;冬;,,,
011002,0000000132,北海道,札幌市,狸小路,発酵ダイニング ぽんぽこ亭,ハッコウダイニング　ポンポコテイ,Ponpokotei,2406,北海道札幌市中央区南3条西3丁目1-12 アルファ狸小路ビルB1,,43.057716,141.354162,月;火;水;木;金;土;日;,11:30,23:00,【月-木、日】: 11:30-15:30 （料理L.O. 15:00 ドリンクL.O. 15:00）17:00-22:00 （料理L.O. 21:00 ドリンクL.O. 21:30）。【金、土】: 11:30-15:30 （料理L.O. 15:00 ドリンクL.O. 15:00）17:00-23:00 （料理L.O. 22:00 ドリンクL.O. 22:30）。【祝前日】: 11:30-16:00 （料理L.O. 15:00 ドリンクL.O. 15:00）17:00-23:00 （料理L.O. 22:00 ドリンクL.O. 22:30）。詳しい内容・ご質問はお店までご連絡下さい。,"1,480円","参鶏湯・コプチャンチョンゴル・ちゃんこ鍋・石狩鍋・しゃぶしゃぶ　1,480円。サムゲタン＆韓国スタイルの発酵料理付き［飲放題］コース　3,500円（クーポン利用）",45年以上受け継がれた秘伝のスープの鍋料理がおすすめ。毎日数十時間コトコトと煮込み作り上げる発酵素材使用の健康スープは絶対家庭では味わえません。味の種類も豊富で色々な食材で楽しめる専門店の鍋料理！,We recommend the hot pot of the secret soup that has been passed down for over 45 years. A healthy soup made with fermented ingredients that is boiled for dozens of hours every day is something you cannot taste at home. A specialty store's hot pot dishes that you can enjoy with a wide variety of flavors and various ingredients!,地下鉄（大通駅・すすきの）駅徒歩3分【狸小路3丁目アーケード内】,無,,ぽんぽこ亭　食べるすぅぷ×発酵料理,(050)5486-4542,,https://ckan.pf-sapporo.jp/dataset/sapporo_kankou_spot/resource/2a049b4b-c24a-435b-ad9d-f26d967b3828,CC BYに準拠。,https://www.facebook.com/ponpokotei3,旧店名　相撲茶屋ぽんぽこ亭,ランチ;ディナー;飲食;,感度;共感;一味違う;,若者G;家族;ビジネス;熟年;欧米豪;台湾;韓国;香港;中国;シンガポール;カップル;アジア富裕層;アジアその他;,春;夏;秋;冬;,現金;クレジットカード;QR決済;Suica､iD､QUICPay;,"1,000円～1,999円","2,000円～2,999円"
011002,0000000147,北海道,札幌市,中島公園,Farm to Table TERRA,ファーム トゥ テーブル テラ,Farm to Table TERRA,2401,北海道札幌市中央区南9条西2丁目2-10 ホテルマイステイズプレミア札幌パーク 1階,,43.049702,141.356725,月;火;水;木;金;土;日;,07:00,22:00,朝食 7：00-10：00（お料理L.O 10：00）。昼食11：30-14：00（お料理L.O 14：00）。夕食18：00-21:30（お料理L.O 20:30　ドリンクL.O21：00）。定休日　無（貸切場合あり）,"1,580円","ローストビーフと玉蜀黍のバター風味ピラフ行者にんにくの香り　1,580円（税込）。大地ガレット旬野菜のローストとクリームソース　1,680円（税込）。",スノーピーク空間監修による、室内にいながらもアウトドアにいるかのようなスタイルのレストラン。「Farm to Table TERRA」室内グランピングを意識した店内で、キャンプ料理の参考にもしたくなる、カラフルでダイナミックな盛り付けのお料理をお楽しみください。,"A restaurant with a style that makes you feel like you are outdoors even if you are indoors, supervised by Snow Peak Space. ""Farm to Table TERRA"" Inside the store that is conscious of indoor glamping,Please enjoy the colorful and dynamic presentation of dishes that you will want to refer to for camping cooking.",【地下鉄中島公園駅より】→1番出口から徒歩約2分。【JR札幌駅より】地下鉄ご利用：南北線さっぽろ駅 →中島公園駅下車（1番出口）→ 所要時間　約4分。タクシーご利用：札幌駅南口タクシー乗り場から→ 所要時間　約15分。中島公園駅から207m。,有,バリアフリー（ユニバーサル）ルーム;車椅子で入店可;,Farm to Table TERRA,(011)512-3547,,https://ckan.pf-sapporo.jp/dataset/sapporo_kankou_spot/resource/016f2e2a-db29-484f-88a8-5a5f76e01b80,CC BYに準拠。,https://sapporo-terra.com/,,飲食;カフェ;朝食;ランチ;ディナー;,一味違う;感度;,若者G;家族;熟年;欧米豪;台湾;韓国;香港;中国;シンガポール;カップル;アジア富裕層;アジアその他;,春;夏;秋;冬;,現金;クレジットカード;,"1,000～1,999円","3,000～3,999円"
011002,0000000148,北海道,札幌市,中島公園,TO OV café（ト・オン・カフェ）,ト　オン　カフェ,TO OV café,2422,北海道札幌市中央区南9条西3丁目2-1マジソンハイツ1階,,43.049578,141.356189,火;水;木;金;土;日;,10:30,20:00,定休日　隔週月曜日（月曜日が祝日の場合は火曜日）,540円,COFFEE　マイルド　540円。TEA　ロイヤルミルクティー　560円。,コンクリート打ちっぱなしの店内はアートギャラリー併設。コーヒーなどのドリンクの他、スイーツやパスタなどの軽食をゆったりと味わえる。,"An art gallery is attached to the shop where the concrete is left untouched. In addition to drinks such as coffee, you can enjoy light meals such as sweets and pasta in a relaxed atmosphere.",地下鉄南北線「中島公園駅」より徒歩1.5分,無,,TO OV café,(011)299-6380,,https://ckan.pf-sapporo.jp/dataset/sapporo_kankou_spot/resource/8877ea91-397c-4f31-8d0f-79017214f58e,CC BYに準拠。,https://toovcafegallery.shopinfo.jp/,,飲食;カフェ;朝食;ランチ;ディナー;,一味違う;感度;,若者G;家族;熟年;欧米豪;台湾;韓国;香港;中国;シンガポール;カップル;アジア富裕層;アジアその他;,春;夏;秋;冬;,現金;,"1,000円","1,000～1,999円"
011002,0000000151,北海道,札幌市,中島公園,Agt（アジト）,アジト,Agt,2422,北海道札幌市中央区南16条西4丁目1-10,,43.038635,141.355431,月;火;水;金;土;日;,10:00,17:00,,"1,300円","腸ハッピーセット　1,300円。ネバ―NEVER（こめサン）　250円。深い珈琲（横井珈琲のAgtオリジナルブレンド）　500円。",ヘルシーで手軽な新スタイルのライスサンド「こめサン™」や、体にやさしいデリが並ぶ「Agt」（あじと）。米屋のBeyBey、おもちゃや絵本のボビラ堂も併設しています。ここから、日本古来のお米を中心とした食の在り方や、体と心が喜ぶ健やかな”食”にまつわる商品や情報をお届けします。,"Healthy and easy-to-use new style rice sandwich “Komesan™” and “Agt” (Ajito) with healthy deli. BeyBey, a rice store, and Bobira-do, a toy and picture book store, are also on site. From here, we will deliver products and information related to healthy ""food"" that pleases the body and mind, as well as the way of eating, centered on ancient Japanese rice.",地下鉄南北線「幌平橋」駅から徒歩４分,有,車椅子・ベビーカーで入店可;,Agt（アジト）,(011)552-3729,,https://ckan.pf-sapporo.jp/dataset/sapporo_kankou_spot/resource/f1b79a14-448e-4a6b-a234-f960846185b5,CC BYに準拠。,https://moku.jp/,,飲食;カフェ;朝食;ランチ;,感度;一味違う;,若者G;家族;熟年;欧米豪;台湾;韓国;香港;中国;シンガポール;カップル;アジア富裕層;アジアその他;,春;夏;秋;冬;,現金;クレジットカード;,"1,000～1,999円",
011002,0000000156,北海道,札幌市,狸小路,クネル（Quenelle）,クネル,Quenelle,2404,北海道札幌市中央区南2条西8丁目6-4,,43.056347,141.345549,火;水;木;金;土;日;,17:00,22:00,21:30(LO),990円,"クネル（お魚のすり身＋バター＋卵などの入った生地に甲殻類のソースをかけてオーブンで焼いています）　990円。本日の魚料理　2,530円。名寄のひまわり畑ポークのロースト　2,695円。",ミシュランガイド北海道2017で星を獲得,Awarded a star in the Michelin Guide Hokkaido 2017.,狸小路アーケード街西端から150m先右側、ホテルレオパレス札幌の裏。西８丁目駅から204m。,無,,クネル（Quenelle）,(011)876-8778,,https://ckan.pf-sapporo.jp/dataset/sapporo_kankou_spot/resource/b5463470-2643-4203-8606-12965af51fd6,CC BYに準拠。,なし,小学生以下は不可/夏季休暇あり/ワイン持ち込み可（1本につき２０００円）,飲食;ディナー;,感度;共感;一味違う;,若者G;ビジネス;熟年;欧米豪;台湾;韓国;香港;中国;シンガポール;カップル;アジア富裕層;アジアその他;,春;夏;秋;冬;,現金;クレジットカード;,,"8,000～9,999円"
011002,0000000162,北海道,札幌市,創成川イースト,リトルジュースバー札幌本店,リトルジュースバーサッポロホンテン,LITTLE JUICE Bar Sapporo Main Store,2422,北海道札幌市中央区南4条東3丁目11-1,,43.057801,141.361021,月;火;水;木;金;土;日;,11:00,18:00,不定休,600円,フローズンデザートいちごけずり®　600円。スムージー各種　500円。,いちごけずり®専門店のリトルジュースバー札幌本店では定番のフルーツや季節に応じた旬のフルーツからお好みのものをお選びいただきお好みのスムージーの上にトッピングする「けずりスムージー」もお楽しみいただけます。あなただけのお気に入りの一杯を見つけてみませんか？,"At the Little Juice Bar Sapporo Main Store, a specialty store for strawberry shavings.Please choose your favorite from standard fruits and seasonal fruits according to the season. You can also enjoy the “Kezuri Smoothie” topped on your favorite smoothie. Would you like to find your own favorite cup?",地下鉄東豊線　豊水すすきの駅徒歩約5分。地下鉄東西線　バスセンター前徒歩約5分。地下鉄　大通駅34番出口から徒歩約7分。バスセンター前駅から437m。,無,,リトルジュースバー札幌本店,(011)213-5616,,https://ckan.pf-sapporo.jp/dataset/sapporo_kankou_spot/resource/c5554edb-4ebb-4411-93dd-15843f0cf814,CC BYに準拠。,https://www.littlejuicebar.com/,,飲食;カフェ;,一味違う;感度;,若者G;家族;欧米豪;台湾;韓国;香港;中国;シンガポール;カップル;アジア富裕層;アジアその他;,春;夏;秋;冬;,現金;クレジットカード;QR決済;,"1,000円","1,000円"
011002,0000000163,北海道,札幌市,創成川イースト,北海道神宮頓宮,ホッカイドウジングウ　トングウ,Hokkaido Shrine Tongu,0701,北海道札幌市中央区南2条東3丁目10,,43.060079,141.36144,月;火;水;木;金;土;日;,09:00,17:00,受付時間　夏時期：9時-17時。冬時期：9時-16時。,,,北海道開拓の始まりから間もない明治11年(1878年)、札幌神社(現在の北海道神宮)の遥拝所として札幌の中心部である現在の場所に誕生しました。,"In 1878 (Meiji 11), soon after the beginning of Hokkaido development,As a place of worship of Sapporo Shrine (now Hokkaido Shrine). It was born in the current location in the center of Sapporo.",地下鉄東西線「バスセンター前駅」6番出口から徒歩約3分（約160m）。地下鉄「大通駅」26番27番出口（さっぽろテレビ塔直下）から徒歩約8分（約500m）。,有,,北海道神宮頓宮,(011)221-1084,,https://ckan.pf-sapporo.jp/dataset/sapporo_kankou_spot/resource/26c287ca-eefb-48cc-9ec4-0eb60a1a1922,CC BYに準拠。,https://tongusan.jp/,,歴史;文化;体験;,体験重視;共感;一味違う;感度;,若者G;家族;ビジネス;熟年;欧米豪;台湾;韓国;香港;中国;シンガポール;カップル;アジア富裕層;アジアその他;,春;夏;秋;冬;,,,
011002,0000000165,北海道,札幌市,創成川イースト,二条cafe,ニジョウカフェ,Nijo Cafe,2422,北海道札幌市中央区南3条東1丁目新二条市場内,,43.06294,141.35868,月;火;金;土;日;,09:30,15:30,,400円,金箔オリジナル緑茶（HOT）　400円。北海道　食後のコーヒー（HOT）　400円。店主の好きな金箔抹茶ラテ（HOT）　500円。,札幌の二条市場に、2020年7月オープンした極狭カフェ。小さな席しかないのでほぼテイクアウトですが、お茶を片手に市場散策してみてくださいな。コーヒー、月替わりの紅茶、加賀棒ほうじ茶、抹茶ラテなど…ぜひ気軽にお立ち寄りください。,"A very narrow cafe that opened in July 2020 at Nijo Market in Sapporo.There are only small seats, so most of the items are takeout, but please take a stroll through the market with a cup of tea in one hand.Coffee, monthly black tea, Kaga-bo roasted tea, matcha latte, etc. Please feel free to stop by.",札幌市の新二条市場内,無,,二条cafe,(080)2397-2502,,https://ckan.pf-sapporo.jp/dataset/sapporo_kankou_spot/resource/ddef27c6-e603-4b2d-873e-e75f8a199018,CC BYに準拠。,https://www.instagram.com/2jocafe/?hl=ja,,カフェ;,一味違う;感度;,若者G;熟年;欧米豪;台湾;韓国;香港;シンガポール;中国;カップル;アジア富裕層;アジアその他;,春;夏;秋;冬;,現金;クレジットカード;QR決済;,500円,
011002,0000000173,北海道,札幌市,創成川イースト,南里商店,ナンリショウテン,Nanri Shouten,2702,北海道札幌市中央区南3条東3丁目1,,43.058053,141.361032,月;火;水;木;金;土;日;,10:00,17:00,定休日　基本的に無休、たまに不定休。,200円,野菜スープ　200円,店主さんとの出会いは、きっと何かをあなたにもたらす,Meeting the owner will surely bring you something.,バスセンター前駅から411m,無,,南里商店,(011)222-2745,,https://ckan.pf-sapporo.jp/dataset/sapporo_kankou_spot/resource/d61b41f5-061c-4b0c-bd92-7a11f8550436,CC BYに準拠。,https://www.facebook.com/yaoya.nanri.jp/,,飲食;生活;,人つながり;一味違う;,家族;,春;夏;秋;冬;,現金;,999円,
011002,0000000181,北海道,札幌市,創成川イースト,サムサンド北1条店,サムサンドキタイチジョウテン,SOMESAND Kita 1-jo,2499,北海道札幌市中央区北1条東1-2-5  カレスサッポロ B1F,,43.063702,141.357087,月;火;水;木;金;土;日;,10:00,16:00,不定休,360円,ホットブレンドコーヒー(S)　230円。出汁風味たまご　360円。ツナサラダ　360円。,お店ごとに変わる、お楽しみサムシングと、豊富なジャンルで朝から夜まで楽しめるサンドイッチのお店。お店ごとのサムシングとサンドイッチをぜひ、お楽しみください。,"A sandwich shop that you can enjoy from morning to night in a variety of genres, such as fun something that changes for each shop. Please enjoy something and sandwiches for each shop.",地下鉄東西線「バスセンター前」駅から徒歩5分,無,,サムサンド北1条店,(011)252-7460,,https://ckan.pf-sapporo.jp/dataset/sapporo_kankou_spot/resource/137c77b7-61bf-49fe-9d75-b5a92afbdf34,CC BYに準拠。,http://somesand.com/,,飲食;カフェ;朝食;ランチ;,一味違う;感度;,若者G;家族;欧米豪;台湾;韓国;香港;中国;シンガポール;カップル;アジア富裕層;アジアその他;,春;夏;秋;冬;,現金;クレジットカード;,"1,000円","1,000円"
011002,0000000188,北海道,札幌市,創成川イースト,のれん横丁,ノレンヨコチョウ,Noren Yokocho,2499,北海道札幌市中央区南3条東1丁目6,,43.058291,141.358411,月;火;水;木;金;土;日;,15:00,24:00,店舗により異なる,,,のれんをくぐれば、楽しいひと時が待っている,"Passing through the noren, a shop curtain, a fun time awaits.",札幌市営地下鉄／東西線「バスセンター前」下車、徒歩約3分。南北線・東西線・東豊線「大通」から徒歩約10分。,無,,なし,なし,,https://ckan.pf-sapporo.jp/dataset/sapporo_kankou_spot/resource/ee118c7c-2f3f-4c55-b88e-d732e41bc61d,CC BYに準拠。,なし,,飲食;朝食;ランチ;ディナー;,一味違う;,若者G;家族;ビジネス;熟年;欧米豪;台湾;韓国;香港;中国;シンガポール;カップル;アジア富裕層;アジアその他;,春;夏;秋;冬;,現金;,,
011002,0000000189,北海道,札幌市,創成川イースト,千歳鶴 酒ミュージアム,チトセツル　サケミュージアム,Chitosetsuru Sake Museum,0801,北海道札幌市中央区南3条東5丁目2,,43.059252,141.36442,月;火;水;木;金;土;日;,10:00,18:00,定休日　年末年始,,,札幌の地酒「千歳鶴」の蔵元直営酒店・ミュージアム。,"A liquor store and museum directly operated by the brewery of Sapporo's local sake, Chitosetsuru.",バスセンター前駅から301m,有,,千歳鶴酒ミュージアム,(011)221-7570,,https://ckan.pf-sapporo.jp/dataset/sapporo_kankou_spot/resource/c5e236fb-1a90-45c1-ad38-8d6311b9980e,CC BYに準拠。,http://www.nipponseishu.co.jp/museum/,,歴史;飲食;,一味違う;感度;,若者G;熟年;欧米豪;台湾;韓国;香港;中国;シンガポール;カップル;アジア富裕層;アジアその他;,春;夏;秋;冬;,現金;クレジットカード;,"1,000円",
011002,0000000191,北海道,札幌市,創成川イースト,自家焙煎珈琲とライブ 紙ひこうき,ジカバイセンコーヒートライブ　カミヒコウキ,Kamihikouki,2422,北海道札幌市中央区南1条東2丁目7-7 水協ビル,,43.061228,141.358527,月;火;水;木;金;土;,07:50,17:00,月・火・木・金　 7:30-17:00。水　7:30-15:00。土　11:30-17:00。ライブ開催日(木-土)19:00-23：00。定休日 　日曜・祝月（不定休あり）,500円,オリジナルブレンド(コロンビアベース)　500円。本日の日替わり定食（ランチメニュー）　730円。焼肉チャーハン　750円。,札幌テレビ塔近く、大通公園近くにあるJazzの流れる喫茶店。自家焙煎コーヒーや地元当別産の食材を使用したランチ、手作りケーキをゆったり味わえます。心地よいJAZZが流れる店内でくつろぎの時間をお過ごし下さい。,"A jazz café located near Odori Park, near the Sapporo TV Tower.Lunch using home-roasted coffee and local Tobetsu ingredients, you can enjoy handmade cakes. Please spend a relaxing time in the store where comfortable jazz flows.",地下鉄東西線バスセンター前駅徒歩1分。バスセンター前駅から287m。,無,,自家焙煎珈琲とライブ 紙ひこうき 本店,(011)221-9737,,https://ckan.pf-sapporo.jp/dataset/sapporo_kankou_spot/resource/daef89aa-2e93-46c2-904b-22ad513be93b,CC BYに準拠。,https://www.kamihikouki1977.jp/,「喫煙可能店」となると、4月1日から20歳未満の方は店内に立ち入る事が出来なくなります。よって、お子様連れでのご入店は不可となります。,カフェ;飲食;朝食;ランチ;ディナー;,一味違う;感度;,若者G;熟年;欧米豪;台湾;韓国;香港;中国;シンガポール;カップル;アジア富裕層;アジアその他;,春;夏;秋;冬;,現金;,"1,000円","1,000円～1,999円"
011002,0000000193,北海道,札幌市,創成川イースト,FAbULOUS,ファビュラス,FAbULOUS,2422,北海道札幌市中央区南1条東2丁目  NKCビル1F,,43.060606,141.358783,月;火;水;木;金;土;日;,09:00,20:00,◆カフェ＆レストランモーニングタイム　9：00 － 11：30（ L.O 10：30 ）※10：30 − 11：30 はランチ準備の為クローズいたします。ランチ&カフェタイム　11：30 － 18：00 （ L.O 17：00 ）◆ファッション・インテリア ショップ　11 : 00 - 20 : 00（通常営業）,"1,680円","知床鶏とポルチーニ茸、栗のクリームソース（ガレット）　1,680円。スパイスチャイ　650円。",陽の射す時間は、淹れたての珈琲。そして、カジュアルな食事と自家製スイーツを。旬野菜や北海道産の美味しい食材を使った料理、お酒もお愉しみいただけます。,"The time when the sun shines is freshly brewed coffee.And casual meals and homemade sweets. Dishes using seasonal vegetables and delicious ingredients from Hokkaido, you can also enjoy sake.",地下鉄東西線バスセンター駅3番出口から徒歩1分。大通駅34番出口から徒歩5分。,無,,FAbULOUS,(011)271-0310,,https://ckan.pf-sapporo.jp/dataset/sapporo_kankou_spot/resource/2887a527-a5d4-4e47-9400-d1be4d890834,CC BYに準拠。,http://www.rounduptrading.com/,,飲食;朝食;ランチ;ディナー;,一味違う;,若者G;家族;欧米豪;台湾;韓国;香港;中国;シンガポール;アジア富裕層;アジアその他;カップル;,春;夏;秋;冬;,現金;QR決済;クレジットカード;,"1,000円","2,000円～2,999円"
011002,0000000194,北海道,札幌市,創成川イースト,スウィートレディージェーン,スウィートレディージェーン,SWEET LADY JANE,2707,北海道札幌市中央区北3条東5丁目5一番 岩佐ビル,,43.066135,141.362816,月;火;水;木;金;土;日;,10:00,20:00,営業時間・定休日は変更となる場合がございますので、ご来店前に店舗にご確認ください。,443円,ミルクレープ　443円。いちごのエンゼルフード 324円。コーヒー（ホット・アイス）　400円。,アメリカンスタイル ケーキ パイ タルト クッキーの店,American style cake pie tart cookie shop.,地下鉄東西線バスセンター前から徒歩、バスセンター前駅から519m。,無,,SWEET LADY JANE,(011)219-0900,,https://ckan.pf-sapporo.jp/dataset/sapporo_kankou_spot/resource/ab57c9b2-7232-4cde-ae32-86aa0c41e2d4,CC BYに準拠。,https://www.instagram.com/ladyjane0305,,飲食;カフェ;,一味違う;,若者G;家族;熟年;欧米豪;台湾;韓国;香港;中国;シンガポール;カップル;アジア富裕層;アジアその他;,春;夏;秋;冬;,現金;クレジットカード;,"1,000円～1,999円","1,000円～1,999円"
011002,0000000195,北海道,札幌市,創成川イースト,和洋折衷喫茶ナガヤマレスト,ワヨウセッチュウキッサナガヤマレスト,Nagayama Rest,2422,北海道札幌市中央区北2条東6丁目2一番地 永山記念公園内,,43.066077,141.364438,月;火;水;木;金;土;日;,11:00,20:00,定休日：毎月 第2水曜日。フードラストオーダー閉店1時間前、ドリンクラストオーダー閉店30分前となります。,"1,080円","永山邸カレー　1,080円。あんクリームサンド　870円～1,040円。フルーツパフェ　1,190円。",歴史を伝え、生活を彩る、文化財と和洋折衷喫茶。旧永山武四郎邸の特徴と同じく、和洋折衷がコンセプト。みなさまの暮らしの中、様々なシチュエーションでご利用ください。,"A cultural property and a cafe that blends Japanese and Western styles, conveying history and adding color to your life.The concept is a blend of Japanese and Western styles, similar to the characteristics of the Former Takeshiro Nagayama House. Please use it in various situations in your life.",地下鉄をご利用のお客様：地下鉄東西線「バスセンター前」駅下車、8番出口より徒歩8分。札幌駅からも徒歩でお越しいただけます。バスをご利用のお客様：北海道中央バス　ファクトリー線「サッポロファクトリー」停下車ジェイ・アール北海道バス札幌駅前バスターミナル②③④番のりばより乗車、「サッポロファクトリー」下車※系統番号[5]と高速バスを除く。バスセンター前駅から525m。,無,車いす・他目的トイレ;車椅子で入店可、外国語メニューあり （英語 中国語（簡体字） 韓国語）;,和洋折衷喫茶 ナガヤマレスト,(011)215-1559,,https://ckan.pf-sapporo.jp/dataset/sapporo_kankou_spot/resource/5c7948b6-5e5a-42b0-8646-e532b13f19b5,CC BYに準拠。,http://wondercrew.jp/nagayamarest/,,飲食;カフェ;ランチ;ディナー;,一味違う;感度;,若者G;家族;熟年;欧米豪;台湾;韓国;香港;中国;シンガポール;カップル;アジア富裕層;アジアその他;,春;夏;秋;冬;,現金;クレジットカード;,"1,000円～1,999円","1,000円～1,999円"
011002,0000000197,北海道,札幌市,創成川イースト,ORGALI,オーガリ,ORGALI,2403,北海道札幌市中央区大通東2丁目15−1 サラサビル1F,,43.062338,141.359688,月;火;水;木;金;土;日;,11:00,22:00,月-土・祝前日：11:00-22:00（料理L.O. 21:00 ドリンクL.O. 21:30）。日・祝日：11:00-21:00（料理L.O. 20:00 ドリンクL.O. 20:30）。【ランチL.O.】14:30（15:00以降はディナーメニューのご案内になります。）※定休日　無休（年末年始を除く）,"1,000円","週替りパスタ　1,000円。サラダビュッフェ＆コース　2,200円。ピッツァ マルゲリータ　1,180円。",札幌で注目の創成川イーストエリアにヴァンナチュール、ビオワイン、有機ワイン・・・と言った、昨今人気の高い自然派ワインを豊富に取り揃えたカジュアルレストランです。北海道産の新鮮野菜やチーズ、熟成肉など、ワインとの相性の良いメニューをご用意しております。ランチも営業。お子様連れも大歓迎です。ママ友会、女子会にご活用ください。,"Located in the Soseigawa East area, which is attracting attention in Sapporo, this casual restaurant offers a wide variety of popular natural wines such as van nature, bio wine, and organic wine. We have prepared a menu that goes well with wine, such as fresh vegetables and cheese from Hokkaido, and aged meat. Also open for lunch. Children are also very welcome. Please use it for mom friend associations and girls' associations.",バスセンター前駅5番出口より徒歩約3分。大通駅27番出口より徒歩約6分。札幌劇団四季、中央バス札幌ターミナルの近くです。,無,ベビーカー入店可;,ORGALI,(011)585-5000,,https://ckan.pf-sapporo.jp/dataset/sapporo_kankou_spot/resource/1a3f94f7-3d90-499b-8429-3b8e873c81c7,CC BYに準拠。,https://orgali-sapporo.com/,,飲食;カフェ;ランチ;ディナー;,一味違う;,若者G;家族;ビジネス;熟年;欧米豪;台湾;韓国;香港;中国;シンガポール;カップル;アジア富裕層;アジアその他;,春;夏;秋;冬;,現金;クレジットカード;,"1,000～1,999円","3,500円"
011002,0000000198,北海道,札幌市,創成川イースト,第三モッキリセンター,ダイサンモッキリセンター,Daisan Mokkiri Center,2406,北海道札幌市中央区南1条東2丁目2,,43.060421,141.358564,月;火;水;木;金;土;,13:00,21:00,[月-金]14:00-22:00(L.O.21:30)。[土]13:00-20:00(L.O.19:30)。定休日 日曜日・祝日。,550円,とんなべ　550円。焼き鳥　360円。焼きおにぎり　150円。,昭和元年に小樽で開業し、その後昭和25年に札幌に移転。,Opened in Otaru in 1920 and moved to Sapporo in 1950.,市営地下鉄南北・東西線大通駅より徒歩約5分。市営地下鉄東豊線大通駅より徒歩約3分。大通り中央バスターミナルから徒歩1分。バスセンター前駅から317m。,無,,第三モッキリセンター,(011)231-6527,,https://ckan.pf-sapporo.jp/dataset/sapporo_kankou_spot/resource/98be70cf-c554-4e27-8fd7-de05032e5000,CC BYに準拠。,なし,,飲食;ディナー;ランチ;,一味違う;,若者G;家族;熟年;欧米豪;台湾;韓国;香港;中国;シンガポール;カップル;アジア富裕層;アジアその他;,春;夏;秋;冬;,現金;,"1,000円～1,999円","1,000円～1,999円"
011002,0000000212,北海道,札幌市,創成川イースト,月と太陽BREWING本店,ツキトタイヨウブルーイングホンテン,Moon and Sun BREWING Main Branch,2499,北海道札幌市中央区南3条東1丁目3 アルファ創成川公園ビル１F,,43.058415,141.358268,月;火;水;木;金;土;日;,17:00,23:00,土日祝は16:00開店。L.O. 22:00。不定休。,890円,"道産エゾシカの冷菜　890円。道産じゃがいものフライドポテト　650円。ちょっとリッチなナポリタン　1,200円。",創成川通り沿い、白い暖簾が目印です。 自家製クラフトビールと全国から取り寄せたクラフトビールを日替わりで10種類提供しています。フードも枝豆やフライドポテト等の北海道の素材を使った定番メニューをはじめ、クラフトビールによく合うメニューをご用意しております。 当店はノーチャージなのでブルースを聞きながら味わい深いクラフトビールをお気軽にお楽しみください。,"Along Soseigawa-dori, the white curtain is a landmark. We offer 10 kinds of homemade craft beer and craft beer ordered from all over the country every day.We also have a menu that goes well with craft beer, including standard menus using Hokkaido ingredients such as edamame and French fries. Our shop does not charge, so please feel free to enjoy delicious craft beer while listening to the blues.",地下鉄南北線・東西線・東豊線「大通駅」35番出口徒歩約3分。地下鉄東西線「バスセンター前駅」1番出口徒歩約3分。地下鉄東豊線「豊水すすきの駅」1番出口徒歩約3分。豊水すすきの駅から401m。,無,車椅子で入店可;,月と太陽BREWING本店,(011)218-5311,,https://ckan.pf-sapporo.jp/dataset/sapporo_kankou_spot/resource/fe61872e-e846-4486-906e-9125a2112728,CC BYに準拠。,https://moonsunbrewing.jp/,,飲食;ディナー;,一味違う;,若者G;家族;欧米豪;韓国;台湾;香港;中国;シンガポール;カップル;アジア富裕層;アジアその他;,春;夏;秋;冬;,現金;クレジットカード;QR決済;,"1,000～1,999円","2,000～3,999円"
011002,0000000214,北海道,札幌市,大通ウェスト,和田硝子器店/業務用グラスVaisselle,ワダガラスキテン/ギョウムヨウグラスヴェッセル,Wada Glassware / Business Use Glass Vaisselle,3111,北海道札幌市中央区南1条西12丁目4-182 ＡＳビル2F,,43.057463,141.339402,月;火;水;木;金;土;,11:00,18:00,不定休あり,,,機能美溢れる業務用のグラスやうつわを是非間近で・・・・,Close-up of professional glasses and vessels full of functional beauty….,地下鉄東西線　西11丁目駅　徒歩2分,無,,和田硝子器店/業務用グラスVaisselle,(011)596-6154,,https://ckan.pf-sapporo.jp/dataset/sapporo_kankou_spot/resource/b0910219-f3ee-44a9-b65c-f3468fe26291,CC BYに準拠。,http://instagram.com/wadagarasukiten,,文化;雑貨;生活;,感度;一味違う;,熟年;ビジネス;欧米豪;台湾;韓国;香港;中国;シンガポール;カップル;アジア富裕層;アジアその他;,春;秋;夏;冬;,現金;,,
011002,0000000240,北海道,札幌市,大通ウェスト,中国料理　布袋　本店,チュウゴクリョウリホテイホンテン,Chinese Restaurant Hotei Main Store,2405,北海道札幌市中央区南1条西9丁目1-3,,43.058281,141.343753,月;火;水;木;金;土;日;,11:00,22:00,不定休（毎月お知らせ）,890円,【元祖看板メニュー‼】マーボーメン　890円。ザンギA定食　940円。ワンコインランチ(旧布袋弁当)　500円。,｢手軽に美味しい中国料理が食べたい｣と思ったときは、ぜひ、お越しください。来店のしやすさ、アットホームな雰囲気、ユーモアに溢れたスタッフ、そしてリーズナブルなのに本格的な中国料理が魅力です。顧客満足度を重視し、お客様に喜んでいただくことを第一に考えたサービスを心掛けているため、できるだけ｢NO｣とは言わない姿勢を大切にしています。,"If you want to eat delicious Chinese food easily, please visit us. The ease of coming to the store, the homely atmosphere, the humorous staff, and the reasonable yet authentic Chinese cuisine are attractive. We value customer satisfaction and strive to provide services that put customer satisfaction first, so we value the attitude of not saying ""no"" as much as possible.",地下鉄東西線西11丁目駅3番出口より徒歩約5分,無,外国語対応;,中華料理　布袋　本店,(011)272-4050,,https://ckan.pf-sapporo.jp/dataset/sapporo_kankou_spot/resource/f6353b13-9bd9-419e-a3fc-29555512d3e9,CC BYに準拠。,https://zangihoteigroup.com/,,飲食;ディナー;,一味違う;,若者G;家族;ビジネス;熟年;欧米豪;台湾;韓国;カップル;シンガポール;アジア富裕層;アジアその他;,春;夏;秋;冬;,現金;,999円,"1,999円"
011002,0000000265,北海道,札幌市,札幌駅北,まんぶう,マンブウ,Manboo,2415,北海道札幌市北区北15条西4丁目1-1 シングルステージ北大前1F,,43.078314,141.347223,月;火;水;木;金;土;日;,11:00,24:00,不定休。お休みや変更はTwitterでお知らせ。,955円,ロースカツ定食　200g　955円。ヒレカツ定食 5枚200g 955円。+220円でから揚げなどが食べ放題！定食はごはんキャベツおかわり自由！※プレートメニュー、丼はごはん大盛り無料。,とんかつ屋まんぶうは、北海道大学のすぐ近くでから揚げ食べ放題を行っているお店です。北15条の環状通沿いの店舗で、地下鉄東豊線北13条駅、南北線北12条駅からも歩いてすぐにお越し頂けます！種類豊富なメニューと食べ放題で真の満腹をぜひご体感下さい。皆様のお越しを従業員一同お待ち致しております。,"Tonkatsuya Manbu is a restaurant that offers all-you-can-eat fried chicken near Hokkaido University.The store is located along Kita 15-jo Kanjo-dori, and is also accessible from Kita 13-jo Station on the subway Toho Line and Kita 12-jo Station on the Namboku Line. Just a short walk away! Experience a true full stomach with a wide variety of menus and all-you-can-eat. We are looking forward to seeing all of you.",札幌市営地下鉄南北線北18条駅から徒歩5分,無,,とんかつ屋まんぶう,(011)796-8171,,https://ckan.pf-sapporo.jp/dataset/sapporo_kankou_spot/resource/5f1599ae-1c6a-47ef-b496-c9f0107b63d4,CC BYに準拠。,http://tonkatsu-manboo.com/,,飲食;ランチ;ディナー;,一味違う;共感;感度;,若者G;家族;ビジネス;熟年;欧米豪;台湾;韓国;香港;中国;シンガポール;カップル;アジア富裕層;アジアその他;,春;夏;秋;冬;,現金;,"1,000円～1,999円",999円
011002,0000000280,北海道,札幌市,札幌駅北,CAFÉ de JIKAN (カフェ・時館),カフェジカン,CAFE de JIKAN,2422,北海道札幌市北区北19条西6-1-19,,43.082907,141.341812,水;木;金;土;日;,11:30,17:30,L.O. 17:00。変更やお知らせはInstagramでお知らせ。⁡,"1,100円","そば粉のガレット　定番コンプレット（自家製ハム、卵、チーズ、トマト）季節のポタージュ付き　1,100円。クレープ　定番シュクレ（洗双糖とバター）自家製アイス付き　825円。",北海道産そば粉ガレットのお店,Hokkaido buckwheat flour galette shop.,地下鉄南北線北18条駅から徒歩7分,有,,CAFÉ de JIKAN カフェ時館,不明,,https://ckan.pf-sapporo.jp/dataset/sapporo_kankou_spot/resource/45db2dca-fd27-4c8d-9781-04e61f84cee9,CC BYに準拠。,https://www.instagram.com/cafedejikan/,※無料駐車場5台有　⁡ レックス北19条第2パーキング ⁡ ⁡⁡カフェジカンの看板がある駐車場です　北19条西7丁目20ｰ207,カフェ;飲食;ランチ;,感度;共感;一味違う;,若者G;家族;ビジネス;熟年;欧米豪;台湾;韓国;香港;中国;シンガポール;カップル;アジア富裕層;アジアその他;,春;夏;秋;冬;,現金;,"1,000円～1,999円",
011002,0000000281,北海道,札幌市,札幌駅北,クラーク亭 北12条店,クラークテイ　キタジュウニジョウテン,Clarktei Kita 12-jo Ten,2401,北海道札幌市北区北12条西4丁目1-18 ノースポール北12条 1階,,43.075037,141.34701,月;火;水;木;金;土;日;,11:30,23:00,L.O.22:30,850円,"ハンバーグM(200g) 　850円。クラークステーキM(150g) 1,230円。",安くて大盛り！ 漫画でゆったり,Cheap and large portion! relaxed with comics.,市営地下鉄南北線「北12条駅」から徒歩7分,無,,クラーク亭 北12条店,(011)726-0029,,https://ckan.pf-sapporo.jp/dataset/sapporo_kankou_spot/resource/a2ecc70d-f296-4afa-a71d-ecfd17ac01ca,CC BYに準拠。,なし,,ランチ;ディナー;飲食;,感度;共感;,若者G;家族;ビジネス;熟年;欧米豪;台湾;韓国;香港;中国;シンガポール;カップル;アジア富裕層;アジアその他;,春;夏;秋;冬;,現金;,"1,000円～1,999円",～999円
011002,0000000282,北海道,札幌市,札幌駅北,時計のない喫茶店,トケイノナイキッサテン,Tokei No Nai Kissaten,2422,北海道札幌市北区北17条西4丁目1-11 マンションニューエルム１F,,43.080392,141.34573,火;水;木;金;土;日;,09:00,18:00,火-金 10:00-18:00(17:30Lo)。土 12:00-21:00(20:30Lo)。日 12:00-19:00(18:30Lo)。,750円,"カフェラテ　750円。アイリッシュコーヒー　1,100円。Minimal -Bean to Bar Chocolate- ３種食べ比べ（NUTTY,FRUITY,SAVORY）　550円。",珈琲とお酒の店,Coffee and liquor store.,北18条駅2番出口から徒歩約3分,無,,時計のない喫茶店,(090)9088-9126,,https://ckan.pf-sapporo.jp/dataset/sapporo_kankou_spot/resource/c8491a6a-045c-47aa-8ea7-b8a30ba1f0ba,CC BYに準拠。,https://www.instagram.com/tokeinonaikissaten/,,飲食;カフェ;ランチ;ディナー;,感度;共感;,若者G;家族;ビジネス;熟年;欧米豪;台湾;韓国;香港;中国;シンガポール;カップル;アジア富裕層;アジアその他;,春;夏;秋;冬;,現金;,"1,000円～1,999円","1,000円～1,999円"
011002,0000000283,北海道,札幌市,札幌駅北,みんたる,ミンタル,Mintaru,2499,北海道札幌市北区北14条西3丁目2-19,,43.078011,141.3483,火;水;木;金;土;,11:45,22:00,定休日　日・月・祝日,不明,不明,ふら～っと遊びに来て、自分の部屋みたいにくつろげて、たまには友達と時間を忘れて話し込んだり、初めて会った隣の席の人と情報交換も出来て、新しい出会いもあったり。何気ない場所だけど、ちょっぴりホットなそんな店でありたいと思います。,"Come and visit us,Relax as if it were your own room,Sometimes I forget the time and talk with my friends,I was able to exchange information with the person next to me who I met for the first time,There are also new encounters.It's a casual place, but a little hot I would like to be such a store.",北12条駅2番出口から徒歩約5分,有,,みんたる,(011)756-3600,,https://ckan.pf-sapporo.jp/dataset/sapporo_kankou_spot/resource/070c8b87-c5f7-46ae-a99c-36745c30e06c,CC BYに準拠。,http://www.mintaru.com/2011/,金額・メニュー不明,体験;文化;雑貨;飲食;カフェ;人;生活;ランチ;ディナー;,人つながり;体験重視;感度;共感;一味違う;,若者G;熟年;カップル;ビジネス;,春;夏;秋;冬;,現金;,"1,000円～1,999円",
011002,0000000284,北海道,札幌市,札幌駅北,カレー魂デストロイヤー,カレータマシイデストロイヤー,Curry Tamasii Destroyer,2421,北海道札幌市北区北14条西3丁目1-31 総業第5ハイム1F,,43.077697,141.349212,火;水;木;金;土;日;,11:00,15:00,月曜　定休日。月曜祝日の場合は火曜休み。ランチタイム　11:00-14:30L.o。中休み　15:00-16:00（状況により変動あり）。ディナータイム　16:00-18:30 L.o。,850円,平日ランチタイム　850円。土日祝日ランチタイム/ディナータイム　950円。カレーの種類：ナット挽肉カレー、チキンカレー、ヒツジカレーなど。,カウンターのみ,counter only.,北12条駅2番出口から徒歩約5分,有,,カレー魂 デストロイヤー,(011)374-8841,,https://ckan.pf-sapporo.jp/dataset/sapporo_kankou_spot/resource/327bc560-a604-480f-b074-eba4553d2708,CC BYに準拠。,なし,,飲食;ランチ;ディナー;,感度;共感;一味違う;,若者G;ビジネス;熟年;欧米豪;台湾;韓国;香港;中国;シンガポール;カップル;アジア富裕層;アジアその他;家族;,春;夏;冬;秋;,現金;,～999円,"1,000円～1,999円"
011002,0000000297,北海道,札幌市,大通ウェスト,KITCHEN TOROIKA,キッチントロイカ,KITCHEN TOROIKA,2422,北海道札幌市中央区南1条西15丁目1-319 シャトー・ル・レェーヴ 401,,43.057141,141.334415,木;金;土;日;,12:00,20:00,,500円,フレンチコーヒー　500円。シチュウとパン　940円。オムレツ風サンドイッチ　740円。,名前はキッチントロイカ くいしんぼうなカフェ,The name is Kitchen Troika Kuishinbou na Café.,札幌市電山鼻線 ／ 西15丁目駅 徒歩3分（200m）,無,,KITCHEN TOROIKA,(011)644-0121,,https://ckan.pf-sapporo.jp/dataset/sapporo_kankou_spot/resource/0d40531d-a3ff-4b27-b473-296284e18543,CC BYに準拠。,http://toroika401.blogspot.com/,入口はオートロックになっています。401を押して下さい,カフェ;飲食;ランチ;ディナー;,一味違う;,若者G;家族;熟年;欧米豪;台湾;韓国;香港;中国;シンガポール;アジア富裕層;カップル;アジアその他;,春;夏;秋;冬;,現金;,"1,000円","1,000円～2,000円"
011002,0000000302,北海道,札幌市,札幌駅北,Picante(ピカンティ),ピカンティ,Picante,2421,北海道札幌市北区北13条西3丁目 アクロビュー北大前1F,,43.077676,141.348568,月;火;木;金;土;日;,11:30,22:00,L.O. 15:30,"1,250円","チキンレッグ　1,250円。野菜のススメ！　1,250円。粗挽き牛タン　1,600円。",美味しいものを食べて平和に暮らすありがたさ手を取り合いながら思いやりを大切に私たちの食や生命を思考できる感謝・・・それは宇宙を解き明かす小さな鍵のひとつ人類が未来への旅を続けていくのなら全て繋がっている事を忘れない事,Gratitude to eat delicious food and live in peace.Taking care of each other while holding hands. Gratitude that allows us to think about our food and life... that is One of the little keys that unlock the universe if mankind continues its journey into the future don't forget that everything is connected.,地下鉄北12条駅から徒歩4分。札幌時計台、テレビ塔近く。,有,,ピカンティ 札幌駅前店,(011)737-1600,,https://ckan.pf-sapporo.jp/dataset/sapporo_kankou_spot/resource/5a6237bc-762a-4a46-9650-28a7780314de,CC BYに準拠。,https://www.picante.jp/,,飲食;ランチ;,感度;一味違う;共感;,若者G;家族;ビジネス;熟年;欧米豪;台湾;韓国;香港;中国;シンガポール;カップル;アジア富裕層;アジアその他;,夏;春;秋;冬;,現金;,"1,000円～1,999円",
011002,0000000304,北海道,札幌市,札幌駅南・大通,月と太陽BREWING miredo店,ツキトタイヨウブルーイング　ミレドテン,Moon and Sun BREWING miredo branch,2499,北海道札幌市中央区北3条西3丁目1-1 大同生命札幌ビル(miredo) 1階,,43.064691,141.351298,月;火;水;木;金;土;日;,11:00,22:00,L.O.フード21:00。ドリンク21:30。不定休。,600円,ピルスナー　600円。ペールエール　600円。,太陽が沈んで、月が出て、今宵も宴のはじまりはじまり。北海道の四季が薫る自家製クラフトビールの数々。そして、ビールによく合う料理があなたとの出会いを今か今かと待っています。晴れの日も、雨や雪の冷たい日だって、終わりよければすべてよし。色々しっかり考えたなら、あとは楽しく笑いましょう。「いい夜だった」と眠りにつけば、月が隠れて、太陽が昇って、新しい日のはじまりはじまり。,"The sun has set, the moon has risen, and the feast has begun tonight. A variety of homemade craft beers with the four seasons of Hokkaido. And the food that goes well with beer will meet you I am waiting now and then. Whether it's a sunny day or a cold day with rain or snow, all's well that ends well. If you think about various things, let's have fun and laugh. ""It was a good night,"" I fell asleep, The moon hides, the sun rises, The beginning of a new day.",地下鉄さっぽろ駅から徒歩2分。さっぽろ駅（札幌市営）から127m。,無,,月と太陽BREWING　miredo店,(011)252-7566,,https://ckan.pf-sapporo.jp/dataset/sapporo_kankou_spot/resource/c0cb7105-a923-4199-a445-eaae1a354016,CC BYに準拠。,https://moonsunbrewing.jp/,,飲食;ディナー;,感度;共感;一味違う;,若者G;ビジネス;熟年;欧米豪;台湾;韓国;香港;中国;シンガポール;カップル;アジアその他;アジア富裕層;,春;夏;秋;冬;,現金;クレジットカード;電子マネー;,"1,000円～1,999円","2,000円～2,999円"
011002,0000000317,北海道,札幌市,札幌駅南・大通,BARCOM Sapporo (バルコ札幌),バルコサッポロ,BARCOM Sapporo,2499,北海道札幌市中央区北2条西2丁目2-15 STV北2条ビル 1階南側,,43.063855,141.354117,火;水;木;金;土;,16:30,22:00,21:30L.O.,"3,000円","おまかせワイン3杯（スパークリング＋白＋赤）　3,000円-4,000円。おまかせワイン4杯（スパークリング＋白＋赤（or白)＋赤）3,800円-5,000円。16:30-17:30はグラス毎に、一緒にお楽しみいただきたい北海道食材のタパス(おつまみ)が付きます。",“BARCOM Sapporo “の店名は、”Community BAR”からつくった造語。気軽にワインや北海道の食材をお楽しみいただく”北海道のBAR”を目指し、2009年10月札幌時計台の傍の街角にオープン。グラスでお楽しみいただける機会の少ないワインと北海道食材のペアリングをぜひお楽しみください。,"The store name of “BARCOM Sapporo” is a coined word made from “Community BAR”. Opened in October 2009 on a street corner near the Sapporo Clock Tower, aiming to be a ""Hokkaido BAR"" where you can casually enjoy wine and Hokkaido ingredients. Please enjoy the pairing of wine and Hokkaido ingredients, which is rarely enjoyed by the glass.",地下鉄大通駅から徒歩5分。さっぽろ駅（札幌市営）から372m。,無,,バルコ札幌,(011)211-1954,,https://ckan.pf-sapporo.jp/dataset/sapporo_kankou_spot/resource/266ff0e6-a893-47d7-a217-2b340e32f863,CC BYに準拠。,https://barcom.jp/,,飲食;ディナー;,感度;共感;一味違う;,若者G;家族;ビジネス;熟年;欧米豪;台湾;韓国;香港;中国;シンガポール;カップル;アジア富裕層;アジアその他;,春;夏;秋;冬;,現金;クレジットカード;,,"4,000円"
011002,0000000319,北海道,札幌市,札幌駅南・大通,カリーハウスコロンボ,カリーハウスコロンボ,CURRY HOUSE COLOMBO,2421,北海道札幌市中央区北4条西4丁目 札幌国際ビルB1F,,43.065975,141.350236,月;火;水;木;金;土;日;,11:00,20:30,【営業時間】平日 11:00 - 20:30 /土日祝 11:00 - 19:00　【定休日】第4日曜日,920円,カツカレー　920円。たまごカレー　670円。日替りカレー　950円。,減農薬の米・野菜、自然卵を使用した安心のこだわりカレー,Reliable curry using rice and vegetables with reduced pesticides and natural eggs.,市営地下鉄南北線さっぽろ駅から徒歩約2分。市営地下鉄東豊線さっぽろ駅から徒歩7分。JR札幌駅から徒歩約5分。さっぽろ駅（札幌市営）から45m。,無,,カリーハウス コロンボ,050-5486-5408,,https://ckan.pf-sapporo.jp/dataset/sapporo_kankou_spot/resource/f36e1ab9-3b87-49da-ac9b-d2217f91185d,CC BYに準拠。,https://h957801.gorp.jp/,,ランチ;ディナー;飲食;,感度;共感;一味違う;,若者G;家族;ビジネス;熟年;欧米豪;台湾;韓国;香港;中国;シンガポール;カップル;アジア富裕層;アジアその他;,春;夏;秋;冬;,現金;QR決済;電子マネー （WAON） ;,～999円,～999円
011002,0000000321,北海道,札幌市,札幌駅南・大通,ホールステアーズカフェ 有楽店,ホールステアーズカフェ ユウラクテン,HALL STAIRS CAFE Yuraku Store,2422,北海道札幌市中央区大通西1丁目 桂和大通ビル50 B2F,,43.0611,141.356347,月;火;水;木;金;土;日;,08:00,21:00,日祝：09:00 - 21:00,660円,"Coffee ブレンド　660円。Coffee ストレート　825円。ケーキセット　1,100円。",ゆとりのある朝は、出社前に新聞を読みながら、おいしいコーヒーが愉しめます。ショッピングで歩き疲れたらケーキとコーヒーで一休み。街の忙しさから離れ、ゆったりとした休日を過ごしてみませんか？,"On a leisurely morning, you can enjoy delicious coffee while reading the newspaper before going to work. Take a break with cake and coffee when you are tired from shopping. Would you like to spend a relaxing holiday away from the hustle and bustle of the city?",大通駅27出口から徒歩約1分。バスセンター前駅1出口から徒歩約1分。西４丁目駅出口から徒歩約6分。,無,,ホールステアーズカフェ 有楽店,(011)221-8007,,https://ckan.pf-sapporo.jp/dataset/sapporo_kankou_spot/resource/4ad13b7d-ad05-45f9-9dc0-5ee874f0ac95,CC BYに準拠。,https://www.miyakoshiya-coffee.co.jp/shopinfo/hsc_yuraku,,飲食;カフェ;朝食;ランチ;ディナー;,感度;共感;,若者G;家族;ビジネス;熟年;欧米豪;台湾;韓国;香港;中国;シンガポール;アジア富裕層;カップル;アジアその他;,春;夏;秋;冬;,現金;,～999円,
011002,0000000322,北海道,札幌市,札幌駅南・大通,TOKUMITSU COFFEE Cafe & Beans 大通店,トクミツコーヒー　カフェアンドビーンズ　オオドオリテン,TOKUMITSU COFFEE Cafe & Beans Odori store,2422,北海道札幌市中央区大通西3丁目 大通ビッセ 2F,,43.061347,141.352516,月;火;水;木;金;土;日;,10:00,20:00,年中無休（年末年始のみお休みの場合あり）。変更やお知らせはInstagram、Twitter、Facebookでお知らせ。,600円,アメリカーノ　600円。マキアート　500円。カプチーノ　600円。,丹精込めて作られた一粒の豆からカップに注がれるまで美味しくなるために日々香味を追求しています,"Every day, we pursue the flavor so that every bean made with great care is delicious, from the moment it is poured into the cup.",市営地下鉄各線「大通駅」から最短で徒歩2分。大通駅から133m。,無,,TOKUMITSU COFFEE Cafe & Beans,(011)281-1100,,https://ckan.pf-sapporo.jp/dataset/sapporo_kankou_spot/resource/265463d9-738c-4f68-b528-a0df1c5f8312,CC BYに準拠。,https://tokumitsu-coffee.com/,,カフェ;ランチ;飲食;ディナー;,感度;共感;一味違う;,若者G;家族;ビジネス;熟年;欧米豪;台湾;韓国;香港;中国;シンガポール;カップル;アジア富裕層;アジアその他;,春;夏;秋;冬;,現金;クレジットカード;電子マネー;,～999円,
011002,0000000324,北海道,札幌市,札幌駅南・大通,やきそば屋駅前本店,ヤキソバヤエキマエホンテン,Yakisobaya Ekimae Main Branch,2499,北海道札幌市中央区北四条西5丁目1 アスティ45ビル B1F(11/10に移転),,43.066056,141.348293,月;火;水;木;金;土;,11:00,20:00,【月-金】11:00-20:00(L.O.19:40)【土】11:00-19:00(L.O.18:40)【定休日】日曜日、祝日※営業の場合あり。その場合はTwitterでお知らせ。,380円,並やきそば（1玉）　380円。大盛焼きそば（1.5玉）　460円。ジャンボ焼きそば（2玉）　540円。,1976年創業、＜安い・多い・旨い・早い＞をモットーにやきそばにこだわりをもつマニアックなやきそばの店。,"Founded in 1976, this is a maniacal yakisoba restaurant that is particular about yakisoba with the motto <Cheap, Large, Tasty, Fast>.",さっぽろ駅（札幌市営）から202m,無,,やきそば屋駅前本店,(011)241-6337,,https://ckan.pf-sapporo.jp/dataset/sapporo_kankou_spot/resource/c6670543-ded4-41a1-9959-d837ea189117,CC BYに準拠。,https://twitter.com/shinjirarenee_,,飲食;ランチ;ディナー;,一味違う;感度;共感;,若者G;家族;ビジネス;熟年;欧米豪;韓国;台湾;香港;中国;シンガポール;カップル;アジア富裕層;アジアその他;,春;夏;秋;冬;,現金;,～999円,～999円
011002,0000000326,北海道,札幌市,札幌駅南・大通,ひのでそば,ヒノデソバ,Hinode Soba,2411,北海道札幌市中央区南1条西4丁目 日之出ビル B2F,,43.059301,141.352092,月;火;水;木;金;土;日;,07:00,21:30,,320円,かけそば　320円。かけうどん　320円。天ぷらそば　420円。,熟練スタッフの連携が見事な立ち食い蕎麦,Standing Eating Soba Noodles with Amazing Collaboration of Skilled Staff.,市営地下鉄南北線大通駅より徒歩約30秒。西4丁目駅から46m。,無,,ひのでそば,非公開,,https://ckan.pf-sapporo.jp/dataset/sapporo_kankou_spot/resource/bf3d9cf5-9051-4fda-addf-146ba46814e3,CC BYに準拠。,なし,,飲食;朝食;ランチ;ディナー;,感度;共感;,若者G;ビジネス;熟年;欧米豪;台湾;韓国;香港;中国;シンガポール;アジアその他;,春;夏;秋;冬;,現金;,～999円,～999円
011002,0000000338,北海道,札幌市,大通ウェスト,THE END CAFÉ,ジエンドカフェ,THE END CAFE,2421,北海道札幌市中央区南1条西16丁目1-320 FRAGRANCE医大前2F,,43.0567,141.333453,火;水;木;金;土;日;,11:00,18:00,営業時間：火曜-土曜 11:00-21:00(LO 20:15)。日曜・祝日 11:00-21:00(LO 20:15)。定休日　月曜日 他(不定休),980円,"やみつき! 和風納豆スープカリー　1,230円。クリーミーチキンカリー　980円。ガパオと鶏挽肉の炒めごはん　980円。",カナダ仕込みのクリーミーチキンカリーメニューとふわトロフレンチトーストがイチオシのTHE END CAFEへようこそ!!,"Welcome to THE END CAFE, where we highly recommend Canadian creamy chicken curry and fluffy French toast!!",地下鉄東西線 西18丁目駅 5番出口より徒歩2分。市電 西15丁目駅より徒歩2分。,無,英語メニューあり;,THE END CAFE,(011)676-7423,,https://ckan.pf-sapporo.jp/dataset/sapporo_kankou_spot/resource/4425b316-f9ab-4401-be6a-29565ae34d26,CC BYに準拠。,http://www.theendcafe.com/,,飲食;ランチ;ディナー;,一味違う;,若者G;家族;欧米豪;台湾;韓国;香港;中国;シンガポール;カップル;アジア富裕層;アジアその他;,春;夏;秋;冬;,現金;,"1,000～1,999円","1,000～1,999円"
011002,0000000343,北海道,札幌市,大通ウェスト,可/不可W15,カフカw15,ka/fuka w15,2899,北海道札幌市中央区南1条西15丁目1−10 マンション パレみやざき 1F,,43.056972,141.334998,月;火;水;木;金;土;日;,12:00,20:00,不定休,,,可/不可 札幌円山「ka/fuka」は2019年にopenした薄っぺらな言い方で言うと「既成概念のないセレクトショップ」を標榜する全ジャンル型セレクトショップです。お店の名前は「可か不可か？」と言う響きから拾った言葉ですが、セレクトする根幹は「可もなく不可もなく」です。世の中全てとは言いませんが、右か左か？ はたまた良し悪しか？昨今の風潮でとにかくカテゴライズされること、セグメントされること。全てが立ち位置を明確にした上での判断を待つようなアイテムや事象が多いと感じています。普遍こそ王道。そして中庸こそ目指すべきものです。今までの自分のやってきたことの毒素を全て札幌で発揮するために僕らは毎日工夫しています。是非遊びに来て下さい。可愛いスタッフが待ち構えてますよ。,"Yes / No Sapporo Maruyama ""ka/fuka'' is an all-genre select shop that opened in 2019 and claims to be a ""select shop without preconceived notions''. The name of the shop is a word picked up from the sound of ""may or not?"" I don't say everything in the world, but right or left? Is it good or bad? To be categorized and segmented in the current trend. I feel that there are many items and events that wait for judgment after clarifying the standing position. Universal is the royal road. And moderation is what you should aim for.",西15丁目駅出口から徒歩約1分。西18丁目駅5出口から徒歩約4分。中央区役所前駅出口から徒歩約7分。,無,,可/不可W15,(011)688-8804,,https://ckan.pf-sapporo.jp/dataset/sapporo_kankou_spot/resource/eb24067a-8fec-4802-bcca-fe15b2b13dbd,CC BYに準拠。,https://ka-fuka.com/,,生活;雑貨;,一味違う;,若者G;カップル;,春;夏;秋;冬;,現金;,,
011002,0000000344,北海道,札幌市,大通ウェスト,castanet（カスタネット）,カスタネット,castanet,2899,北海道札幌市中央区大通西17丁目1-13 レアリゼ大通西1F,,43.058519,141.330376,水;木;金;土;日;,11:30,19:00,日曜日・祝日は17時までの営業になります。,,,カスタネットは1996年に1坪からスタートしました。黄色のクマ”カスタネットちゃん ”を展開しオリジナルで子供から大人 まで愛される商品作りを目指しています。2011年5月1日新しいカスタネット～ながくつかえるものたち～が誕生しました。15年目からのスタートは『北海道』をテーマに、ここにしかない商品 を作り、素材にこだわり、皆さんにいつまでも気に入ってもらえて長く 使える物をと思い、1つ1つ商品を考えて作っております。カスタネット商品を生活の1部として毎日が楽しく笑顔になってもらえたら幸せだなと思います。新カスタネットは、お洒落なお土産やさんを目指して、北海道に来たらカスタネットに行きたい！と思えるように皆さんの心にグッとくるものを作り続けていきたいと思います。ぜひ一度遊びに来て下さいね！お待ちしております。,"Castanet started from 1 tsubo in 1996.Develop the yellow bear “Castanet-chan” and create an original. We aim to create products that are loved by children and adults alike.May 1, 2011 A new castanet ~ things that can be used long ~ was born. Starting from the 15th year, it is only here with the theme of ""Hokkaido"". Making products, sticking to materials, and making sure everyone likes them forever. We think of things that can be used for a long time, so we think about each product and make it. I would be happy if castanet products could be part of your life and bring a smile to your face every day. The new castanet aims to be a stylish souvenir, and I want to go to castanet when I come to Hokkaido! I would like to continue making things that will touch everyone's hearts so that I can think.Please come and visit us once! We'll be expecting you.",地下鉄東西線「西18丁目」駅4番出口を出て右へ50メートル進む。右手に駐車場がある交差点を右へ曲がります。そのまままっすぐ進み、1つ横断歩道を渡ってピザハットがありましたら2軒目の建物。黄色のクマ『カスタネットちゃん』が目印です。道立近代美術館・西側門（18丁目側）を目指して来て下さい。,有,,castanet,(011)640-5225,,https://ckan.pf-sapporo.jp/dataset/sapporo_kankou_spot/resource/bf109cf6-5644-42da-9d45-da9e80d6dd6a,CC BYに準拠。,http://www.castanet-jp.com/,,生活;雑貨;,感度;一味違う;,若者G;家族;欧米豪;台湾;韓国;香港;中国;シンガポール;カップル;アジア富裕層;アジアその他;,春;夏;秋;冬;,現金;,,
011002,0000000345,北海道,札幌市,大通ウェスト,古本屋トロニカ,フルホンヤトロニカ,Sapporo used book shop tronica,3419,北海道札幌市中央区南1条西13丁目317-2 三誠ビル2F,,43.057048,141.338317,月;火;水;木;金;土;,12:00,19:00,店舗営業時間（買取は年中無休）。月-金　12：00-19：00。土　12：00-17：00。日・祝日定休。,,,札幌の雑誌買取古本屋トロニカでは古い雑誌や古本、ファンクラブ会報、映画パンフレット、ポスター等を全国送料無料で宅配買取しています。札幌近郊は出張買取します。引越し・遺品整理など大量引取歓迎。全古書連加盟のプロが適正査定。,"Sapporo's second-hand bookstore Tronica sells old magazines, used books, fan club newsletters, movie pamphlets, posters, etc. with free shipping nationwide. I will buy a business trip in the suburbs of Sapporo. We welcome large-scale collections such as moving and sorting out belongings. Appropriate appraisal by a professional who is a member of the All Old Book Association.",中央区役所前駅出口から徒歩約4分。西15丁目駅出口から徒歩約4分。西11丁目駅2出口から徒歩約4分。,無,,札幌古本買取店 トロニカ,(011)596-0909,,https://ckan.pf-sapporo.jp/dataset/sapporo_kankou_spot/resource/a26466dd-3633-42a1-895f-3e75222f708b,CC BYに準拠。,https://tronikabooks.blog.fc2.com/,,生活;,一味違う;,熟年;家族;,春;夏;秋;冬;,現金;,,
011002,0000000346,北海道,札幌市,大通ウェスト,パスキューアイランド,パスキューアイランド,Passcue island,2602,北海道札幌市中央区大通西17丁目1-3 太田ビル1階,,43.058281,141.330838,火;水;木;金;土;日;,12:00,19:00,,"1,320円","カフェオレマグ　1,320円。ドリップケトル（430ml ステンレス）　3,300円。木のキッチンツール（天然木 ハンドメイド）　1,210円～。",毎日の暮らしの中で使うと、側にあると、眺めていると、なんだかニッコリうれしくなるそんな日用品を作っています。どうぞ一度手にとってみてください｡,We create daily necessities that make you smile and feel happy when you use them in your daily life. Please try it once.,西18丁目駅から徒歩2分,無,,Pasque island,(011)215-9331,,https://ckan.pf-sapporo.jp/dataset/sapporo_kankou_spot/resource/479d8e60-5c0f-4586-9035-8eeb84f37d41,CC BYに準拠。,http://pasqueisland.com/,,生活;雑貨;,一味違う;,若者G;家族;熟年;カップル;,夏;秋;春;冬;,現金;,,
011002,0000000348,北海道,札幌市,大通ウェスト,カエルヤ珈琲店,カエルヤコーヒーテン,Kaeruya Coffee Shop,2422,北海道札幌市中央区北1条西17丁目1-16,,43.059063,141.330072,木;金;土;日;,12:00,17:00,※不定休有,550円,"マイルドコーヒー（中煎）　550円。ケーキセット　1,000円。",かえる好きの人もそれほど好きじゃない人ものんびり出来る喫茶店です。大きな窓の向うは近代美術館。アートに触れた後に、散歩の途中に、ちょっとひと息。おいしい珈琲やケーキなどで、ゆっくりのんびり憩えるお店です。,"It's a coffee shop where people who like frogs and people who don't like frogs can relax. Behind the large windows is the Museum of Modern Art. After touching the art, take a short break during the walk. It is a shop where you can relax slowly with delicious coffee and cakes.",地下鉄東西線西18丁目駅4番出口より徒歩3分,無,,カエルヤ珈琲店,(011)616-1558,,https://ckan.pf-sapporo.jp/dataset/sapporo_kankou_spot/resource/1e1dd2c1-badb-4e93-8ae0-71c0cb686d78,CC BYに準拠。,http://kaeruya-sapporo.com/,,飲食;カフェ;,一味違う;,若者G;家族;熟年;欧米豪;台湾;韓国;香港;中国;シンガポール;カップル;アジア富裕層;アジアその他;,春;夏;秋;冬;,現金;,"1,000～1,999円",
011002,0000000349,北海道,札幌市,大通ウェスト,多目的喫茶店アイビィ,タモクテキキッサテンアイビィ,multipurpose coffee shop I-BE,2422,北海道札幌市中央区北1条西18丁目1-52 市田ビル 2階,,43.059867,141.329502,月;火;土;日;,11:00,17:00,,420円,"ホットコーヒー　420円。オリジナルハーブティー　460円。パスタランチセット　1,080円。",北海道立近代美術館西門向かい蔦の絡む古い建物の2F。 オンラインイベント会場など色々使える喫茶店。 オリジナルブランド「市田珈琲」の豆を使用。 全商品テイクアウト可。,"Located on the 2nd floor of an old building with ivy across from the west gate of the Hokkaido Museum of Modern Art. A coffee shop that can be used in various ways such as online event venues. Beans from the original brand ""Ichida Coffee"" are used. All products can be taken out.",地下鉄東西線西18丁目駅3番出口より徒歩約4分,無,,多目的喫茶店アイビィ,(050)7117-5771,,https://ckan.pf-sapporo.jp/dataset/sapporo_kankou_spot/resource/73a1a8ed-5c3e-437b-8a2f-c937771bf564,CC BYに準拠。,https://tamokutekikissatenn.wixsite.com/i-be,,飲食;カフェ;ランチ;,一味違う;,若者G;家族;熟年;欧米豪;台湾;韓国;香港;中国;シンガポール;カップル;アジア富裕層;アジアその他;,春;夏;秋;冬;,現金;,"1,000～1,999円",
011002,0000000350,北海道,札幌市,大通ウェスト,D&DEPARTMENT HOKKAIDO by 3KG,ディアンドデパートメント　ホッカイドウ,D&DEPARTMENT HOKKAIDO by 3KG,2602,北海道札幌市中央区大通西17丁目1-7,,43.058548,141.331384,火;水;木;金;土;,11:00,19:00,月曜祝日の場合は翌火曜日休み,"5,060円","オリジナルのトートバッグ　5,060円。高橋工芸 Cara コップ・S　3,740円。",D&DEPARTMENT PROJECTは、地域のロングライフデザインを発掘し、その地域らしさを伝えるコミュニティショップでありネットワークです。パートナー店第1号となる北海道店は、札幌から世界に向けてクリエイションを発信するデザイン会社「3KG」による運営。地域コミュニティと連動しながら、北海道の息の長いデザインを掘り起こし、伝え、学ぶ活動を展開します。,"D&DEPARTMENT PROJECT is a community shop and network that discovers regional long-life designs and conveys the uniqueness of the region.The first partner store, the Hokkaido store, is operated by 3KG, a design company that sends out creations from Sapporo to the world.While linking with the local community, we will unearth, convey, and learn about Hokkaido's long-lasting designs.",地下鉄東西線西18丁目駅（出口4）徒歩3分,有,,D&DEPARTMENT HOKKAIDO by 3KG,(011)303-3333,,https://ckan.pf-sapporo.jp/dataset/sapporo_kankou_spot/resource/767612f0-8fdb-4bc0-9e9e-28845ffc1c11,CC BYに準拠。,https://www.d-department.com/ext/shop/hokkaido.html,,雑貨;生活;,一味違う;,若者G;家族;熟年;カップル;,夏;秋;冬;春;,現金;,,
011002,0000000352,北海道,札幌市,狸小路,和酒と活鮮 とうりん,ワシュトカツセン　トウリン,Tourin,2406,北海道札幌市中央区南2条西6丁目3-2 岡田ビル2F,,43.056899,141.349193,月;火;水;木;金;土;日;,17:00,25:00,不定休。変更やお知らせはInstagram、Facebookでお知らせ。,850円,北の勝（搾りたて）北海道　850円。本日の海鮮フライ　700円。桃林の焼きギョーザ　600円。,新鮮な魚介類を使ったお造り盛り合わせや活貝などの和食や、点心や麻婆豆腐などの中華を提供する居酒屋を狸小路で営んでいます。北海道産食材のほか、全国から取り寄せた鮮度の高い食材を使用し、ここでしか食べられないようなオリジナル料理を提供しています。築地市場からも仕入れを行い、ベテランの目利きが選んだ海鮮をご堪能いただけます。また、お酒にもこだわり、全国の銘酒をラインナップした日本酒やハイランクの国産ウィスキーを提供しています。,"We run an izakaya in Tanukikoji that serves Japanese dishes such as fresh seafood sashimi platters and live shellfish, as well as Chinese dishes such as dim sum and mapo tofu. In addition to ingredients from Hokkaido, we use fresh ingredients from all over the country and offer original dishes that can only be eaten here. We also purchase from Tsukiji Market, and you can enjoy seafood selected by veteran connoisseurs.In addition, we are particular about alcohol, offering sake with a lineup of famous sake from all over the country and high-ranked domestic whiskey.",地下鉄南北線・すすきの駅より徒歩約5分。札幌市電・資生堂小学校前より徒歩約3分。札幌市電・西8丁目駅より徒歩約4分。資生館小学校前駅から194m。狸小路6丁目になります。,無,,和酒と活鮮 とうりん,(011)232-7707,,https://ckan.pf-sapporo.jp/dataset/sapporo_kankou_spot/resource/b4ab4f7f-96cf-4905-92aa-84496fb5857b,CC BYに準拠。,なし,,飲食;ディナー;,感度;共感;一味違う;,若者G;ビジネス;熟年;欧米豪;台湾;韓国;香港;中国;シンガポール;カップル;アジア富裕層;アジアその他;家族;,春;夏;秋;冬;,現金;クレジットカード;,,"3,000円～3,999円"
011002,0000000363,北海道,札幌市,中島公園,ベトナムゴハン チリン堂,ベトナムゴハン　チリンドウ,Vietnam Gohan Chirindo,2499,北海道札幌市中央区南9条西3丁目1-11 ドエル中島公園1階,,43.049722,141.355498,火;水;木;金;土;,16:00,22:00,,780円,鶏肉のフォー　780円。鶏肉のフォー　680円。ココナッツカレー　820円。,ハーブや野菜をたっぷり使い、調味料や油にもこだわったヘルシーなベトナム料理をリーズナブル価格でご提供。ベトナムの古民家をイメージした内装や現地で直接買い付けたキッチュな食器類はベトナム感満載。各種ビールやベトナムのお酒なども飲み放題可能で宴会や２次会、デート、女子会で堪能できる！ベトナムのコーヒーやスウィーツでカフェ使いも可,"We use plenty of herbs and vegetables, and offer healthy Vietnamese food at a reasonable price that is particular about seasonings and oils. The interior is inspired by an old Vietnamese house and the kitsch tableware purchased locally is full of Vietnamese feeling.You can enjoy all-you-can-drink beer and Vietnamese alcohol at banquets, after-parties, dates, and girls-only gatherings! Cafe use is also possible with Vietnamese coffee and sweets",札幌市営地下鉄南北線　中島公園駅２出口より徒歩約2分。札幌市電　山鼻９条駅出口より徒歩約10分。,無,,べトナムゴハン チリン堂,(011)839-1121,,https://ckan.pf-sapporo.jp/dataset/sapporo_kankou_spot/resource/77279ff2-1923-4f36-899f-9bd5626122fd,CC BYに準拠。,https://www.facebook.com/chillinhdou/,,飲食;ディナー;,一味違う;,若者G;家族;熟年;欧米豪;台湾;韓国;香港;中国;シンガポール;カップル;アジア富裕層;アジアその他;,春;夏;秋;冬;,現金;クレジットカード;,,"3,000～3,999円"
011002,0000000365,北海道,札幌市,中島公園,えにかいたもち,エニカイタモチ,e nikaita mochi,2708,北海道札幌市中央区南11条西8丁目3-19 エフェクト南11条B棟1F,,43.046075,141.346529,月;火;水;木;金;土;日;,10:00,19:00,,221円,北海道の恵豆大福(こしあん)　221円。東北産イチゴ大福(こしあん)　270円。舟団子／みたらし　280円。,札幌のお餅専門店。店内でつく餅、丁寧に炊いた餡。餅のおいしい基本である、つき立て出来立てにこだわりました。,"A shop specializing in rice cakes in Sapporo.Mochi made in-house and carefully cooked bean paste.We are particular about freshly pounded mochi, which is the basics of delicious mochi.",札幌市電　中島公園通駅から徒歩5分。札幌市営地下鉄南北線　中島公園駅から徒歩11分。,有,,えにかいたもち,(011)206-1222,,https://ckan.pf-sapporo.jp/dataset/sapporo_kankou_spot/resource/b1fd9653-1049-4ee5-b756-0e557be50ce8,CC BYに準拠。,https://enikaitamochi.jp/,,カフェ;飲食;,一味違う;,若者G;家族;熟年;欧米豪;台湾;韓国;香港;中国;カップル;シンガポール;アジア富裕層;アジアその他;,春;秋;冬;夏;,現金;,"1,000円",
011002,0000000369,北海道,札幌市,中島公園,クローバー本店（clover）,クローバーホンテン,Clover Main store,2499,北海道札幌市中央区南17条西6丁目1-1,,43.038419,141.352318,月;火;水;木;金;土;日;,11:00,19:30,不定休,200円,アップルパイ　200円。いちごカスタードミルフィーユ　380円。チョコパイ　250円。,札幌市中央区の札幌静修高校の向かいにあるパイとクレープのお店です。アップルパイをはじめとした5種類のパイとクレープは150円から、デザートクレープ、デリカクレープなど数十種類のクレープを取り揃えています。独自の製法であみ出したもちもちのクレープ生地をぜひお楽しみください。,"This is a pie and crepe shop across from Sapporo Seishu High School in Chuo-ku, Sapporo. Five types of pies and crepes, including apple pie, start at 150 yen, and dozens of crepes such as dessert crepes and delica crepes are available.Please enjoy the chewy crepe fabric produced by our unique manufacturing method.",地下鉄南北線幌平橋駅徒歩5分。札幌市電　静修学園前駅徒歩1分。,有,,Clover 幌平店,(011)561-9680,,https://ckan.pf-sapporo.jp/dataset/sapporo_kankou_spot/resource/aec091b5-eeee-4d1f-8cc9-73c7918c2fd6,CC BYに準拠。,http://clover1223.main.jp/shop.html,,飲食;カフェ;,一味違う;,若者G;家族;アジアその他;アジア富裕層;カップル;シンガポール;中国;香港;韓国;台湾;欧米豪;,春;夏;秋;冬;,現金;,"1,000円","1,000円"
011002,0000000380,北海道,札幌市,大通ウェスト,衣食住眠,イショクジュウミン,Ishokujuumin,3004,北海道札幌市中央区大通西15丁目3-12 大通西ビル 1階,,43.058314,141.334219,月;火;木;金;土;日;,11:00,18:00,,"28,600円","羊毛肌掛け布団／ビラベック社（ドイツ）（うすめ）　28,600円。羊毛敷きパッド／ビラベック社（ドイツ）　38,500円。",眠りについて、最近気になるな。そう思ったら、ぜひお話聞きにいらして下さい。がむしゃらに働いた20代、30代。素敵なパートナーとの新生活、新たな家族の誕生。新築、お引越し。仕事では責任世代となり、生き方を見つめ直し始める30代、40代。あきらかに若い頃とは違うカラダの変化。食の好みも変わり、体が受け付けなくなる食べ物も。遅くまで起きていても頑張れたあの時とは違う。現実と向き合い、気づき始めたこの瞬間。スルーして頑張ってしまうのではなくて、一度立ち止まり、人間の基本的な生活要件、衣食住に睡眠を足して、衣食住眠。少しだけ意識を変え、今の自分にあった道具選びしませんか？,"Don't worry about sleep lately. If you think so, please come and listen to us.People in their 20s and 30s worked hard. A new life with a wonderful partner, the birth of a new family. New construction, moving.People in their 30s and 40s are starting to reassess their way of life as they become the generation responsible for their work. A change in the body that is clearly different from when you were young. Food preferences change, and some foods are unacceptable to the body. It's different from those days when I was able to do my best even if I stayed up late. This is the moment when you face reality and start to realize. Instead of going through and doing your best, stopping once, adding sleep to basic human life requirements, food, clothing and shelter, Clothing, food and sleep. Would you like to change your consciousness a little and choose a tool that suits you now?",地下鉄東西線 西18丁目駅4番出口より徒歩5分。,無,,衣食住眠,(011)213-7375,,https://ckan.pf-sapporo.jp/dataset/sapporo_kankou_spot/resource/6d5e7f9f-b926-495f-aa45-e8c29c76d1dc,CC BYに準拠。,http://ishokujuumin.com/,,生活;,感度;一味違う;,若者G;家族;熟年;カップル;,夏;秋;冬;春;,現金;,,
011002,0000000381,北海道,札幌市,狸小路,ベトナム屋台アジア飯　suEzou パンチョス,ベトナムヤタイ　アジアメシ　スエゾウ　パンチョス,suEzou Panchos,2499,北海道札幌市中央区南2条西6丁目3-2 岡田ビル,,43.057423,141.349046,火;水;木;金;土;日;,17:00,25:00,祝前以外の日曜のみ16:00-24:00。不定休、お休みやお知らせはInstagramでお知らせ。,99円,鶏焼売シューマイ　1ヶ99円。空芯菜のニンニク炒め　880円。海老、鶏肉のグリーンカレー炒め　980円。,ベトナム、ホーチミン出身のニーさんが作る本格ベトナム料理と1ヶ99円の手作り鶏焼売のお店,"Authentic Vietnamese cuisine made by Mr. Nee from Ho Chi Minh City, Vietnam, and handmade chicken dumplings for 99 yen per month.",資生館小学校前駅出口から徒歩約3分。西8丁目駅出口から徒歩約4分。大通駅1出口から徒歩約5分。,無,,ベトナム屋台 アジア飯 suEzou パンチョス,(011)252-9373,,https://ckan.pf-sapporo.jp/dataset/sapporo_kankou_spot/resource/9e5be5a7-7e46-4be0-b190-d4da81e4408c,CC BYに準拠。,なし,,飲食;ディナー;,感度;共感;一味違う;,若者G;家族;ビジネス;熟年;欧米豪;台湾;韓国;香港;中国;シンガポール;カップル;アジア富裕層;アジアその他;,春;夏;秋;冬;,現金;電子マネー;,,"4,000円～4,999円"
011002,0000000389,北海道,札幌市,大通ウェスト,ヤマザキＹショップ札幌南一条病院店,ヤマザキワイショップサッポロミナミイチジョウビョウインテン,Yamazaki Y Shop Sapporo Minami Ichijo Hospital,2710,北海道札幌市中央区南1条西13丁目317ｰ1,,43.059169,141.338528,月;火;水;木;金;土;日;,09:30,16:30,,,,病院の中で見つけた至福の豆大福,The blissful Mame Daifuku (a soft round rice cake stuffed with sweet bean jam) I found in the hospital.,西15丁目駅出口から徒歩約4分。中央区役所前駅出口から徒歩約4分。西11丁目駅2出口から徒歩約5分。,有,,ヤマザキＹショップ札幌南一条病院店,(011)212-1023,,https://ckan.pf-sapporo.jp/dataset/sapporo_kankou_spot/resource/97000975-a68b-4210-92fe-1c4dd7086a63,CC BYに準拠。,なし,,生活;,人つながり;,家族;,春;夏;秋;冬;,現金;,,
011002,0000000392,北海道,札幌市,創成川イースト,カトリック北一条教会,カトリックキタイチジョウキョウカイ,Catholic KITA-ICHI-JO Church,0703,北海道札幌市中央区北1条東6丁目,,43.064322,141.365103,月;火;水;木;金;土;日;,00:00,24:00,毎月第4日曜日は「集会祭儀」です。※集会祭儀は信徒のみでお祈りします。聖体拝領は行います。平日（月-土）毎朝7:00から朝ミサを行っています。,,,カトリック北一条教会は北海道札幌市にあるカトリック札幌司教区の教会およびその聖堂。カトリック札幌司教区の大聖堂であり、聖堂名は「守護の天使」である。ロマネスク風の中央の塔や左右のゴシック風の小尖塔、外壁や窓には連続した装飾が施され、中世の風格を表している。,"Catholic Kitaichijo Church is a church and cathedral of the Catholic Diocese of Sapporo, located in Sapporo, Hokkaido. It is the cathedral of the Catholic Diocese of Sapporo, and the name of the cathedral is ""Guardian Angel"". The Romanesque central tower, the left and right Gothic pinnacles, and the continuous decorations on the outer walls and windows show the style of the Middle Ages.",バスセンター前駅: 10番口から 徒歩 7分,無,,カトリック北一条教会,なし,,https://ckan.pf-sapporo.jp/dataset/sapporo_kankou_spot/resource/c1e68b26-987d-437f-acc3-dfeefdac4a27,CC BYに準拠。,https://sites.google.com/site/katedoraru99/home,,文化;人;,人つながり;共感;,若者G;熟年;,春;夏;秋;冬;,,,
011002,0000000401,北海道,札幌市,札幌駅北,BOOKLAB.,ブックラボ,BOOK LAB.,3419,北海道札幌市北区北18条西4丁目 2-20 北18条ハイツ1F,,43.08305,141.345597,月;火;木;金;土;日;,11:00,18:00,年末年始休業あり,,,札幌の北18条にある古本屋、BOOK LAB.(ブックラボ)です。古本の買取・販売をしています。店内入口付近には大変お得な100円商品のコーナーもあります！,"This is BOOK LAB., a used bookstore located in Kita 18, Sapporo. I buy and sell used books. Near the entrance of the store, there is also a corner of very profitable 100 yen products!",地下鉄南北線　北18条駅から徒歩3分,無,,BOOK LAB.,(011)374-1034,,https://ckan.pf-sapporo.jp/dataset/sapporo_kankou_spot/resource/6fd476f1-dbd9-46bb-ba8b-ee579f7e7e17,CC BYに準拠。,https://www.book-lab.net/,,雑貨;人;,感度;共感;,若者G;家族;ビジネス;熟年;欧米豪;台湾;韓国;香港;中国;シンガポール;カップル;アジア富裕層;アジアその他;,春;夏;秋;冬;,現金;クレジットカード;QR決済;,,
011002,0000000402,北海道,札幌市,札幌駅北,北十二条書店,キタジュウニジョウショテン,Kita 12-jo Shoten,3419,北海道札幌市北区北12条西4丁目1-16 ノースポール北大前,,43.074917,141.347037,月;火;水;木;金;土;日;,10:00,21:00,買取は20:00まで。年末年始休業。,,,当店では文庫・新書・コミック・専門書等 (古書を除く)、 幅広いジャンルで買取・販売を行っております。当店の正面はガラス張りとなっており、北海道大学の四季折々の姿を感じながら、本をお探しできます。,"We purchase and sell a wide range of genres, such as paperbacks, new books, comics, and specialized books (excluding old books). The front of our store is glassed, so you can look for books while feeling the seasonal appearance of Hokkaido University.",地下鉄北12条駅から徒歩2分,無,,北十二条書店,(011)737-5099,,https://ckan.pf-sapporo.jp/dataset/sapporo_kankou_spot/resource/ca75cd31-a7eb-4146-9b34-817cbe2170a2,CC BYに準拠。,http://www.books2-1.com/,,文化;歴史;雑貨;人;,感度;共感;,若者G;家族;ビジネス;熟年;欧米豪;台湾;韓国;香港;中国;シンガポール;カップル;アジア富裕層;アジアその他;,春;夏;秋;冬;,現金;,,
011002,0000000403,北海道,札幌市,札幌駅北,弘南堂書店,コウナンドウショテン,Konando Bookstore,3419,北海道札幌市北区北12条西4丁目2-13,,43.075457,141.346862,月;火;水;木;金;土;,10:00,18:30,祝日は定休日,,,取扱い分野:北方文献（北海道郷土史・アイヌ民族関係）・近代文学初版本・雑誌資料・研究・自筆物・戦前資料（書籍・雑誌・絵葉書・刷り物等）・美術・映画・音楽・芸能ほか趣味書・歴史・民俗・哲学・宗教・教育ほか専門書・全集・叢書,"Handling field:Northern literature (Hokkaido local history, Ainu ethnic relations), modern literature first edition, magazine materials, research, autographs, pre-war materials (books, magazines, picture postcards, printed materials, etc.), art, movies, music, entertainment and other hobby books, History, Folklore, Philosophy, Religion, Education, etc.",地下鉄北12条駅から徒歩3分,無,,弘南堂書店,(011)716-9429,,https://ckan.pf-sapporo.jp/dataset/sapporo_kankou_spot/resource/fa7cb55d-f1d4-4945-9882-2cad3171698c,CC BYに準拠。,http://www.konando-book.com/,,歴史;文化;雑貨;人;自然;生活;,感度;共感;一味違う;,若者G;家族;ビジネス;熟年;欧米豪;台湾;韓国;香港;中国;シンガポール;カップル;アジア富裕層;アジアその他;,春;夏;秋;冬;,現金;,,
011002,0000000404,北海道,札幌市,札幌駅北,ボストンベイク 本店,ボストンベイクホンテン,Bostonbake Main Store,2709,北海道札幌市北区北18条西4丁目1-40,,43.082271,141.346495,月;火;水;木;金;土;日;,07:30,20:00,年末年始は営業時間が異なります。,クロスターシナモン　83円,クリームパン　160円。メロンパン　146円。,ボストンベイクの「伝統＝想い」安くてボリュームのあるパンを多くの方に美味しく食べていただきたい。毎日一つひとつ手作りしているパンは、工場から直送してるものと、店舗の工場で焼き上げているものがございます。「パンは生き物」生地温度と室内温度によって発酵時間と焼くタイミングは変わってきます。いつご来店いただいても美味しいパンを食べていただけるように、一人ひとりの職人が美味しさを追求し、お客様の笑顔のために日々パンづくりに励んでおります。,"Boston Bake's ""Tradition = Thought"". We want many people to enjoy cheap and hearty bread. The breads that are handmade one by one every day are sent directly from the factory and some are baked at the store's factory. ""Bread is a living thing"" Fermentation time and baking timing will change depending on the dough temperature and room temperature. Each and every craftsman pursues deliciousness and strives to make bread every day for the smiles of our customers so that you can eat delicious bread every time you visit us.",地下鉄北18条駅から徒歩2分,無,,ボストンベイク本店,(011)716-1122,,https://ckan.pf-sapporo.jp/dataset/sapporo_kankou_spot/resource/84bbddda-867f-4c2f-9158-0fd9373bf3a2,CC BYに準拠。,https://www.bostonbake.co.jp/,,飲食;生活;朝食;ランチ;ディナー;,一味違う;,若者G;家族;ビジネス;熟年;欧米豪;台湾;韓国;香港;中国;シンガポール;カップル;アジア富裕層;アジアその他;,春;夏;冬;秋;,現金;,,
011002,0000000405,北海道,札幌市,札幌駅南・大通,札幌市役所 19階 展望回廊,サッポロシヤクショジュウキュウカイテンボウカイロウ,Sapporo City Hall 19th Floor Observation Deck,0203,北海道札幌市中央区北1条西2丁目1-7,,43.062224,141.354083,月;火;水;木;金;,09:30,16:30,土日祝日、年末年始（12月29日-1月3日）はお休み。,,,本庁舎は、札幌オリンピック前年の昭和46年（1971年）に建てられたものです。地下2階、地上19階建てで、屋上には札幌の街を見渡せる展望回廊があります（無料）。,"The main government building was built in 1971, the year before the Sapporo Olympics. It has 2 floors underground and 19 floors above ground, and on the roof there is an observation corridor that overlooks the city of Sapporo (free).",JR札幌駅南口から徒歩15分。地下鉄大通駅から徒歩1分。,有,車いす・他目的トイレ;車いす専用駐車場;授乳室;エレベーター;,札幌市役所,(011)211-2111,,https://ckan.pf-sapporo.jp/dataset/sapporo_kankou_spot/resource/00b33355-fb69-4bbe-87cc-48288192bb2a,CC BYに準拠。,https://www.city.sapporo.jp/city/map/index.html,,体験;文化;,感度;体験重視;,若者G;家族;ビジネス;熟年;欧米豪;台湾;韓国;香港;中国;シンガポール;カップル;アジア富裕層;アジアその他;,春;夏;秋;冬;,,,
011002,0000000409,北海道,札幌市,札幌駅南・大通,DONGURI(どんぐり)大通店,ドングリ　オオドオリテン,DONGURI Odori,2709,北海道札幌市中央区大通西1丁目13 ル・トロワ1階,,43.061096,141.355376,月;火;水;木;金;土;日;,10:00,21:00,定休日はル・トロワ休業日に準ずる,,,一軒の小さなお店からはじまった「どんぐり」は今では札幌を中心に数店舗あります。でも、家族のようにまとまりながらやってきた試行錯誤や一人ひとりのお客さまに喜んでもらえる幸せは、いつも心の中で忘れずに留めています。これからも足元を見つめながら、おいしいお店づくりを。,"“Donguri,” which started as a small shop, now has several stores, mainly in Sapporo. However, I will never forget in my heart the trial and error that we have come together like a family and the happiness that each and every customer is happy with. We will continue to create delicious restaurants while keeping an eye on our feet.",地下鉄東豊線大通駅24番出口直結（B2Fエントランス）,無,,どんぐり　大通店,(011)210-5252,,https://ckan.pf-sapporo.jp/dataset/sapporo_kankou_spot/resource/cc4fa39c-098d-4620-b084-7af688eae185,CC BYに準拠。,https://www.donguri-bake.co.jp/shop/odori/,,飲食;カフェ;生活;朝食;ランチ;ディナー;,体験重視;一味違う;,若者G;家族;ビジネス;熟年;欧米豪;台湾;韓国;香港;中国;シンガポール;カップル;アジア富裕層;アジアその他;,春;夏;秋;冬;,現金;,,
011002,0000000412,北海道,札幌市,狸小路,CRAFT PUB BRIAN BREW,クラフトパブブライアンブルー,CRAFT PUB BRIAN BREW,2406,北海道札幌市中央区南2条西2丁目5 狸COMICHI 1F,,43.058192,141.35528,月;火;水;木;金;土;日;,11:00,23:00,月-金　11：00-15：00。17：00-23：00。土　11：00-23：00。日・祝日　11：00-21：00。,"飲み比べ3種セット　1,290円","飲み比べ5種セット　2,200円。フィッシュ＆チップス　830円。おつまみ3種盛り　800円。",北海道初のアイリッシュパブとして1995年にオープン。樽詰ギネスやキルケニー、シングルモルト等、豊富なメニューをキャッシュオンデリバリー（ノーチャージ）でお楽しみいただけます。パーティープランもご予算にあわせてご用意致します。フードメニューも充実、定番のフィッシュ&チップスやシェパーズパイなど北海道の食材を使った料理をお召しあがりください。,"Opened in 1995 as the first Irish pub in Hokkaido. You can enjoy a rich menu with cash-on-delivery (no charge), such as barreled Guinness, Kilkenny, and single malt. We also prepare party plans according to your budget. The food menu is also substantial, and please enjoy dishes using Hokkaido ingredients such as the classic fish & chips and shepherd's pie.",狸小路駅から195m,無,,CRAFT PUB BRIAN BREW,(080)4431-8022,,https://ckan.pf-sapporo.jp/dataset/sapporo_kankou_spot/resource/f69d6a68-aa17-4c2b-88d8-f03f6f80aada,CC BYに準拠。,http://www.brian-brew.com/bb/#/top,,体験;ディナー;ランチ;飲食;,一味違う;感度;人つながり;,若者G;家族;ビジネス;熟年;欧米豪;台湾;韓国;香港;中国;シンガポール;カップル;アジア富裕層;アジアその他;,春;夏;秋;冬;,現金;電子マネー;,"1,999円","1,999円"
011002,0000000413,北海道,札幌市,狸小路,カラハナ,カラハナ,KALAHANA,2406,北海道札幌市中央区南2条西7丁目4（狸小路7丁目）,,43.057105,141.347144,月;火;水;木;金;土;日;,18:00,24:00,[日-木]17:00頃-翌0:00(L.O.23:00)[金・土]17:00頃-翌1:00(L.O.翌0:00),余市リンゴシードル　800円,エーデルピルス　600円。八郷　900円。,クラフトビールとシードルの専門店,Specialty store for craft beer and cider.,市営地下鉄南北線・東西線大通駅から徒歩約10分,無,,カラハナ,(011)251-1087,,https://ckan.pf-sapporo.jp/dataset/sapporo_kankou_spot/resource/8003f88c-61ff-4028-ab34-ac22028ec1c1,CC BYに準拠。,なし,,文化;体験;飲食;ディナー;,人つながり;感度;一味違う;,若者G;家族;ビジネス;熟年;欧米豪;台湾;韓国;香港;中国;シンガポール;カップル;アジア富裕層;アジアその他;,春;夏;秋;冬;,クレジットカード;現金;,,"3,999円"
011002,0000000415,北海道,札幌市,狸小路,大洋ビル,タイヨウビル,Taiyo Building,2603,北海道札幌市中央区南3条西8丁目7 大洋ビル,,43.056757,141.346362,月;火;水;木;金;土;日;,00:00,24:00,営業時間・定休日はテナントにより異なる,,,狸小路7丁目のアーケードを抜けた先にある「隠れ家」的なビル。,"A ""hideaway"" building located beyond the Tanukikoji 7-chome arcade.",市電 西8丁目駅から徒歩3分,無,,株式会社ダイドー,(011)272-2228,,https://ckan.pf-sapporo.jp/dataset/sapporo_kankou_spot/resource/c740e599-58ac-4e75-ab49-67b1f0644db2,CC BYに準拠。,https://www.taiyobld.com/,,文化;歴史;体験;飲食;カフェ;生活;ランチ;ディナー;,人つながり;一味違う;,若者G;家族;ビジネス;熟年;欧米豪;台湾;韓国;香港;中国;シンガポール;カップル;アジア富裕層;アジアその他;,春;夏;秋;冬;,現金;,,
011002,0000000416,北海道,札幌市,狸小路,BAR espana carne　バル エスパーニャ カルネ,バル エスパーニャ カルネ,BAR espana carne,2406,北海道札幌市中央区南2条西6丁目3-2 岡田ビル,,43.057265,141.349024,月;火;水;木;金;土;日;,17:00,24:00,月-金・祝前日: 17:00-翌0:00 （料理L.O. 23:00 ドリンクL.O. 23:30）。土・日: 12:00-翌0:00 （料理L.O. 23:00 ドリンクL.O. 23:30）。12月31日、1月1日-1月2日は休み。,"北海道シーフードパエリア　2,000円","生ハムとサラミの盛り合わせ　1,628円。カンチャンチャラ　858円。ふらの葡萄のシャンパンカクテル　858円。",個室はライト煌くくつろぎの空間!様々なタイプの個室から、半個室をご用意。20名様より貸し切りにも対応♪忘新年会にぴったりの席で自慢のお料理をお楽しみください。,The private room is a relaxing space with glittering lights! We offer various types of private rooms and semi-private rooms. It can be reserved for groups of 20 or more.,大通駅徒歩約4分,無,,BAR espana carne,(011)252-6666,,https://ckan.pf-sapporo.jp/dataset/sapporo_kankou_spot/resource/5461cdc5-dc1b-45bf-88ab-8b322af5ef0f,CC BYに準拠。,なし,,文化;ディナー;飲食;人;,体験重視;人つながり;一味違う;,若者G;家族;ビジネス;熟年;欧米豪;台湾;韓国;香港;中国;シンガポール;カップル;アジア富裕層;アジアその他;,春;夏;秋;冬;,現金;QR決済;クレジットカード;,"2,000円","4,000円"
011002,0000000419,北海道,札幌市,狸小路,韓の香 狸小路店,カンノカオリ　タヌキコウジテン,Kan no Kaori Tanukikoji,2401,北海道札幌市中央区南2条西5丁目6-1 HUGイート内 1F,,43.057848,141.350489,火;水;木;金;土;日;,11:00,22:00,年末年始定休日。月-木ランチ　11:00-14:30（L.O.14:00）。月-木ディナー　17:30-22:00（L.O.21:30）。金-日・祝日ランチ　11:00-15:00（L.O.14:30）。金-日・祝日ディナー　17:00-22:00（L.O.21:30）,"スンドゥブチゲ（ランチ）　1,080円","ムル冷麺　1,180円。トッポギ　880円。ヤンニョムチキン　980円。",狸小路5丁目に位置する本場韓国料理専門店北海道の食材を使用しながら自家製にこだわった韓国料理をご提供新しくサムギョプサル食べ放題が登場！ご予約をお勧めします,A restaurant specializing in authentic Korean cuisine located in Tanukikoji 5-chome. We offer Korean cuisine that sticks to homemade while using ingredients from Hokkaido. All-you-can-eat samgyeopsal is now available! Reservation recommended.,地下鉄南北線 大通駅 徒歩5分,無,,韓の香 狸小路店,011-233-2838,,https://ckan.pf-sapporo.jp/dataset/sapporo_kankou_spot/resource/a27707de-9352-413c-82dc-084f35c4d769,CC BYに準拠。,なし,,飲食;文化;ランチ;ディナー;,一味違う;人つながり;,若者G;家族;ビジネス;欧米豪;台湾;韓国;香港;中国;シンガポール;カップル;アジア富裕層;アジアその他;,春;夏;秋;冬;,現金;クレジットカード;QR決済;電子マネー;,"1,000円","3,000円"
011002,0000000420,北海道,札幌市,狸小路,マニータイ,マニータイ,Manee Thai,2401,北海道札幌市中央区南3条西5丁目14 三条美松ビルB1F,,43.057274,141.350699,月;火;水;木;金;土;日;,11:00,22:00,ランチ　11:00 - 14:30。ディナー　17:00 - 22:30。不定休。,"タイ風 鶏肉の酒蒸し　1,080円","サイクロォー・イサーン　1,320円。サイウア　1,320円。",テイクアウト・デリバリーのご利用で、ご自宅等でも本場のタイ料理をお楽しみください。,"Please enjoy authentic Thai cuisine at home, etc. by using takeout and delivery.",狸小路駅から190m,無,,マニータイ,(011)232-5665,,https://ckan.pf-sapporo.jp/dataset/sapporo_kankou_spot/resource/f1833586-d9ff-462e-b15c-bb2f2dfeb7c5,CC BYに準拠。,なし,,文化;飲食;ランチ;ディナー;,人つながり;一味違う;,若者G;家族;ビジネス;熟年;欧米豪;台湾;韓国;香港;中国;シンガポール;カップル;アジア富裕層;アジアその他;,春;夏;秋;冬;,現金;,"1,999円","2,999円"
011002,0000000424,北海道,札幌市,すすきの,鮨わたなべ,スシワタナベ,Sushi Watanabe,2410,北海道札幌市中央区南6条西4丁目1 プラザ6・4ビル 6階,,43.053744,141.353593,火;水;木;金;土;日;,11:30,22:30,昼　11:30-13:30(最終入店12:00)。夜　17:30-22:30(最終入店20:30)。月曜日、祝日の場合は翌日定休日。,"おまかせ　23,100円","おまかせ　23,100円",魚を旨くする。わたなべでは、この文字を使っています。その日、その時の魚の状態を見極めて「仕事」を決めます。どう仕込みをするか、どう食していただくか。自然の摂理と鮨屋の仕事が魚を旨くすると信じています。,"make the fish tastier. Watanabe uses this character. On that day, we determine the “work” based on the condition of the fish at that time. How to prepare and how to eat. I believe that nature's providence and the sushi restaurant's work make the fish delicious.",地下鉄「すすきの駅」より徒歩4〜5分,無,外国語対応;,鮨わたなべ,(090)8636-1369,,https://ckan.pf-sapporo.jp/dataset/sapporo_kankou_spot/resource/17d39a1c-29b4-4e8c-89c3-80df516a6f69,CC BYに準拠。,https://www.sushi-watanabe011.com/,,文化;飲食;ランチ;ディナー;,感度;一味違う;,家族;ビジネス;熟年;欧米豪;台湾;韓国;香港;中国;シンガポール;カップル;アジア富裕層;アジアその他;,春;夏;秋;冬;,現金;QR決済;クレジットカード;,"29,999円","29,999円"
011002,0000000425,北海道,札幌市,すすきの,鮨たな華,スシ　タナカ,Sushi Tanaka,2410,北海道札幌市中央区南六条西1丁目 6・1ビル 1F,,43.053895,141.358429,月;火;水;木;金;土;日;,18:00,22:30,完全予約二部制。一部　18:00-。二部　20:30-。,"おまかせ　22,000円","おまかせ　22,000円",職人技を目の前で堪能できる、ピアノのある鮨店,A sushi restaurant with a piano where you can enjoy the skills of sushi chefs right in front of you.,地下鉄東豊線豊水すすきの駅より徒歩5分,無,,鮨たな華,(011)215-0120,,https://ckan.pf-sapporo.jp/dataset/sapporo_kankou_spot/resource/8d804c83-9dd2-44f0-a96f-39d86f547c5e,CC BYに準拠。,https://www.instagram.com/sushi_tanaka_official/,,文化;飲食;ディナー;,感度;一味違う;,家族;ビジネス;熟年;欧米豪;台湾;韓国;香港;中国;シンガポール;カップル;アジア富裕層;アジアその他;,春;夏;秋;冬;,現金;クレジットカード;,"29,999円","29,999円"
011002,0000000426,北海道,札幌市,すすきの,寿司しくら,スシ　シクラ,Sushi Shikura,2410,北海道札幌市中央区南4条西4丁目7 松岡ビル B1F,,43.055952,141.352572,月;火;水;木;金;土;,17:00,23:00,,"しくらコース　8,000円","しくら特上コース　11,000円",入口の暖簾をくぐると、従来の寿司店のイメージを覆すモダンな空間が広がります。厨房を囲むのは白木ではなく艶のある銅板のカウンター。まるでバーのような落ち着いた雰囲気が魅力です。料理人の巧みな技を見ながら味わえるのは、旬を意識した季節の料理と、丹精込めた握りの数々。和食の基本を守りつつ、独自のアイデアを生かした斬新な一品も登場します。美味しい料理と銘酒に酔いしれながら、ゆったりとくつろいでください。,"When you pass through the noren at the entrance, you will find a modern space that overturns the traditional image of a sushi restaurant. Surrounding the kitchen is a glossy copper plate counter instead of plain wood. It has a relaxed bar-like atmosphere. While observing the skillful techniques of the chefs, you can savor seasonal dishes that are conscious of the season and a variety of carefully crafted nigiri sushi. While preserving the basics of Japanese cuisine, innovative dishes that make use of original ideas will also appear. Relax and unwind while enjoying delicious food and fine sake.",地下鉄南北線・札幌市電軌道線「すすきの駅」より徒歩1分,無,,寿司　しくら,(011)522-5525,,https://ckan.pf-sapporo.jp/dataset/sapporo_kankou_spot/resource/2d2fcb08-977c-4f73-8502-def592cb732b,CC BYに準拠。,https://tabelog.com/hokkaido/A0101/A010103/1060530/,,文化;飲食;ディナー;,一味違う;,家族;ビジネス;熟年;欧米豪;台湾;韓国;香港;中国;シンガポール;アジア富裕層;カップル;アジアその他;,春;夏;秋;冬;,現金;クレジットカード;,,"14,999円"
011002,0000000427,北海道,札幌市,すすきの,BLOCO,ブロコ,BLOCO,2408,北海道札幌市中央区南3条西3丁目1−番 サンスリービル 地下1階,,43.057044,141.354414,月;火;水;木;金;土;,18:00,24:00,,ライブチャージ 1000円,,ミュージシャンが営むライブとアナログレコードのミュージックバー,Music bar with live music and analog records run by musicians,地下鉄すすきの駅から徒歩2分​,無,,​BLOCO,(011)213-0995,,https://ckan.pf-sapporo.jp/dataset/sapporo_kankou_spot/resource/e89e894d-db5f-465a-8a01-0e8228e80a48,CC BYに準拠。,https://www.bloco-live.com/,,体験;飲食;カフェ;ディナー;人;,人つながり;感度;体験重視;,若者G;欧米豪;台湾;韓国;香港;シンガポール;中国;カップル;アジア富裕層;アジアその他;,春;秋;夏;冬;,現金;クレジットカード;,,
011002,0000000428,北海道,札幌市,すすきの,ジャマイカ,ジャマイカ,JAMAICA,2422,北海道札幌市中央区南3条西5丁目 三条美松ビル4階,,43.057435,141.350574,月;火;水;木;金;土;,13:00,23:45,,,コーヒー　550円,50年以上の歴史を持つ、札幌の老舗ジャズバー,A long-established jazz bar in Sapporo with over 50 years of history.,狸小路駅から194m,無,,ジャマイカ,(011)251-8412,,https://ckan.pf-sapporo.jp/dataset/sapporo_kankou_spot/resource/72a90f67-1406-47ca-9237-a8476601ef53,CC BYに準拠。,なし,,歴史;文化;体験;飲食;カフェ;ランチ;ディナー;,感度;一味違う;,若者G;熟年;欧米豪;台湾;韓国;香港;中国;シンガポール;カップル;アジア富裕層;アジアその他;,春;夏;秋;冬;,現金;クレジットカード;,999円,999円
011002,0000000429,北海道,札幌市,すすきの,Bossa,ボッサ,Bossa,2422,北海道札幌市中央区南3条西4丁目2 シルバービル2F,,43.058291,141.352638,月;火;水;木;金;土;日;,11:00,25:00,,ランチセット　880円,"ブレンドコーヒー　490円。カクテル飲み放題　2時間　1,850円。","1971.10.21　たった200枚のレコード　床板が軋む25席の小さなフロア　そんな中からBOSSAの歴史は始まりましたそれから長い月日が絶ちいまではレコード9,000枚　CD5,000枚に　座席数も以前より増え　より多くの方に本物のジャズに触れていただくことができるようになりました","1971.10.21 Only 200 records, 25 small floors with creaky floorboards, BOSSA's history began. Since then, we have had 9,000 records and 5,000 CDs, and the number of seats has increased, allowing more people to experience real jazz.",地下鉄すすきの駅徒歩３分,無,,BOSSA,(011)271-5410,,https://ckan.pf-sapporo.jp/dataset/sapporo_kankou_spot/resource/33607795-aed5-47b3-af8c-bcb1e664dc78,CC BYに準拠。,http://www.bossa.tv/cafe/index.html,,歴史;体験;飲食;カフェ;人;ランチ;ディナー;,一味違う;感度;人つながり;,若者G;熟年;欧米豪;台湾;韓国;香港;中国;シンガポール;カップル;アジア富裕層;アジアその他;,春;夏;秋;冬;,現金;,999円,"3,999円"
011002,0000000430,北海道,札幌市,すすきの,スローボート,スローボート,slow boat,1016,北海道札幌市中央区南3条西3丁目1-4 もりにビル 4F,,43.057405,141.353841,火;水;木;金;土;,19:00,24:00,,カクテル　各800円,ソフトドリンク　各600円,"ジャズ・ピアニスト福居良がスローボートを活動拠点と定めて開店したのが、今から27年前の1995年6月1日でした。それから20年、数多くのプレーヤーとの共演を重ね、師と仰ぐ Barry HarrisさんをNYから招聘することもできました。2016年、福居良は、闘病の末帰らぬ人となりましたが、彼のジャズスピリットを受け継ぐ素晴らしいミュージシャンの皆さんのお陰でスローボートは航海を続けています。Barry Harris 氏からスローボートへ託された言葉""Keep Jazz Alive""を大切に、これからも熱いジャズライブをお届けしていきたいと思います。","It was 27 years ago, on June 1, 1995, that jazz pianist Ryo Fukui decided to open Slow Boat as his base of operations. In the 20 years since then, I have performed with many players, and I was able to invite Barry Harris, who I look up to as my mentor, from New York. In 2016, Ryo Fukui passed away after a battle with illness, but the slow boat continues to sail thanks to the wonderful musicians who have inherited his jazz spirit. I would like to continue to deliver hot jazz live, cherishing the words ""Keep Jazz Alive"" entrusted to Slow Boat by Mr. Barry Harris.",地下鉄すすきの駅から徒歩3分,無,,スローボート,(011)210-5144,,https://ckan.pf-sapporo.jp/dataset/sapporo_kankou_spot/resource/d073f300-8cbb-4880-9314-9445885068fb,CC BYに準拠。,https://slowboat-jazz.jp/,,体験;歴史;飲食;カフェ;,人つながり;感度;,若者G;熟年;欧米豪;台湾;韓国;香港;中国;シンガポール;カップル;アジア富裕層;アジアその他;,春;夏;秋;冬;,現金;,,
011002,0000000434,北海道,札幌市,すすきの,アイスクリームBar HOKKAIDOミルク村,アイスクリームバー　ホッカイドウミルクムラ,Ice cream Bar HOKKAIDO Milk-mura,2423,北海道札幌市中央区南4条西3-7-1 ニュー北星ビル 6F,,43.056512,141.35406,火;水;木;金;土;日;,13:00,23:30,[火・木-日]13:00-23:30（L.O.23:00）[水]17:00-23:30（L.O.23:00）,"Aセット　1,500円","Bセット　1,500円。お持ち帰りコーンアイス　400円。",ジョッキ入りソフトクリームにリキュールをかけて楽しむ,Enjoy soft serve ice cream in a beer mug with selectable liqueur.,地下鉄南北線「すすきの駅」1番出口徒歩約2分,無,,アイスクリームBar HOKKAIDOミルク村,(011)219-6455,,https://ckan.pf-sapporo.jp/dataset/sapporo_kankou_spot/resource/c39643f8-5837-4a1d-b0b3-3f3b95c41a7c,CC BYに準拠。,なし,,カフェ;飲食;,一味違う;,若者G;家族;熟年;欧米豪;韓国;台湾;香港;中国;シンガポール;カップル;アジア富裕層;アジアその他;,春;夏;秋;冬;,現金;,"1,999円","1,999円"
011002,0000000435,北海道,札幌市,すすきの,ジンギスカン 北海道産羊・野菜ふくすけ,ジンギスカン　ホッカイドウサンヒツジ・ヤサイフクスケ,Hokkaido sheep and vegetables Fukusuke,2414,北海道札幌市中央区南7条西4丁目2-3 LC五番館1F,,43.052698,141.353192,月;火;水;木;金;土;,17:00,23:00,,"ふくすけ食べ比べセット　2,178円","【北海道美唄産サフォーク種】アスパラひつじのロース　2,750円。【北海道美唄産サフォーク種】アスパラひつじの肩ロース　2,640円。",古木を使ったおしゃれなインテリアには最新型のダクトが装備され、煙のにおいが気になる女性も気軽にジンギスカンを楽しめます。アスパラを食べて育った【北海道美唄産アスパラひつじ】や【オーストラリア産羊】を食べ比べられるジンギスカン店。,"The stylish interior using old wood is equipped with the latest ducts, so women who are concerned about the smell of smoke can easily enjoy Jingisukan. Genghis Khan restaurant where you can eat and compare [Hokkaido Bibai Asparagus Sheep] and [Australian Sheep] raised on asparagus.",すすきの駅から徒歩5分,無,,ジンギスカン 北海道産羊・野菜ふくすけ,(011)206–9698,,https://ckan.pf-sapporo.jp/dataset/sapporo_kankou_spot/resource/0eac2813-b9c0-44f7-972e-3cc5620c31f8,CC BYに準拠。,https://www.sapporo-fukusuke.com/,,飲食;ディナー;文化;,一味違う;,若者G;家族;ビジネス;熟年;欧米豪;台湾;韓国;香港;中国;シンガポール;カップル;アジア富裕層;アジアその他;,春;夏;秋;冬;,現金;クレジットカード;,,"4,999円"
011002,0000000450,北海道,札幌市,大通ウェスト,Siesta Labo.,シエスタラボ,Siesta Labo.,3107,北海道札幌市中央区南1条西12丁目4-182 ASビル1F,,43.057983,141.339362,水;木;金;土;日;,12:00,18:00,,,,札幌大通公園の南西側、路面電車がのんびり走る電車通り沿いに、直営店がございます。売り場からわたしたちの製品づくりの様子をご覧いただける工房を併設し、わたしたちの製品とともに、毎日の暮らしを楽しんでいただけるモノ・コトをご紹介しています。,"There is a directly managed store on the southwest side of Sapporo Odori Park, along the train street where the streetcars run leisurely.We have a workshop where you can see how our products are made from the sales floor, and we introduce things and things that you can enjoy in your daily life along with our products.",札幌市電「中央区役所前」駅から徒歩2分,有,,Siesta Labo.,(011)206-0710,,https://ckan.pf-sapporo.jp/dataset/sapporo_kankou_spot/resource/0a8e0920-7d0e-4e1f-b75a-667acb3dc353,CC BYに準拠。,https://at-siesta.com/,,体験;雑貨;自然;生活;,感度;一味違う;,若者G;家族;ビジネス;熟年;欧米豪;台湾;韓国;香港;中国;シンガポール;カップル;アジア富裕層;アジアその他;,春;夏;秋;冬;,現金;クレジットカード;QR決済;,,
011002,0000000451,北海道,札幌市,大通ウェスト,蕎麦に銘酒 蔵美庭 gravity,ソバニメイシュ　グラビティ,gravity,2411,北海道札幌市中央区大通西14丁目3-28,,43.058744,141.335183,火;水;木;金;土;日;,11:00,21:00,[火-金]11:00-14:30、17:00-21:00[土・祝]11:00-21:00[日]11:00-売り切れ次第。不定休あり。,もり　800円,別誂え　950円。かけそば　850円。,札幌は大通西14丁目にて営業しております蕎麦屋です。北海道はもちろん、全国各地のお蕎麦を日替わりで提供しております。お酒も常時80種類以上をご用意皆様に素晴らしい蕎麦ライフ、銘酒ライフを,"Sapporo is a soba restaurant that operates at Odori Nishi 14-chome. We offer soba noodles from all over the country, not to mention Hokkaido, on a daily basis. More than 80 types of alcohol are always available.A wonderful soba life and sake life for everyone.",地下鉄東西線西11丁目から徒歩6分,無,,蕎麦に銘酒 蔵美庭 （gravity）,(011)252-7877,,https://ckan.pf-sapporo.jp/dataset/sapporo_kankou_spot/resource/87ec746e-bf5d-46e9-882f-c26550f3251a,CC BYに準拠。,https://gravity-susukino-54.owst.jp/,,ランチ;ディナー;飲食;文化;,一味違う;感度;,若者G;家族;ビジネス;熟年;欧米豪;台湾;韓国;香港;中国;シンガポール;カップル;アジア富裕層;アジアその他;,春;夏;秋;冬;,現金;クレジットカード;,"1,999円","3,999円"
011002,0000000452,北海道,札幌市,大通ウェスト,SOLOS～ソロス～,ソロス,solos,3199,北海道札幌市中央区南1条西10丁目4-156 大通ホワイトビル 2F 3F,,43.058182,141.342168,月;火;水;木;金;土;日;,09:00,23:00,不定休あり。サウナ　9:00-23:00。エステ　9:30-18:30。カフェ　9:00-22:00。酸素ボックス　9:00-23:00。ジム　9:00-23:00。,,,サウナ、エステ、ジム、酸素ボックス…さまざまな「ソロ」が集まって「solos」。カフェにはリモートワーク用「ZOOMルーム」併設です。ひとりでゆっくりと、癒されたり、食事をしたり、考えごとをしたり、トレーニングをしたり。自分のペースで進む、自分だけの時間が待っています。,"Saunas, esthetics, gyms, oxygen boxes... various ""solos"" gather together to form ""solos."" The cafe has a ""ZOOM room"" for remote work. Slowly alone, healed, eating, thinking, training. Go at your own pace, your own time is waiting.",地下鉄東西線　西11丁目駅3番出口より徒歩1分,有,,SOLOS～ソロス～,(011)600-2022,,https://ckan.pf-sapporo.jp/dataset/sapporo_kankou_spot/resource/8de1c240-658c-4b3e-b522-6c1bc67d10b7,CC BYに準拠。,https://solos-pl.com/,,体験;カフェ;生活;,感度;体験重視;共感;,若者G;家族;ビジネス;熟年;欧米豪;台湾;韓国;香港;中国;シンガポール;カップル;アジア富裕層;アジアその他;,春;夏;秋;冬;,現金;クレジットカード;,,
011002,0000000454,北海道,札幌市,大通ウェスト,ビアセラーサッポロ,ビアセラーサッポロ,BEER CELLAR SAPPORO,2408,北海道札幌市中央区南1条西12丁目322-3 AMSビル,,43.057623,141.339261,月;火;水;木;金;土;日;,15:00,21:00,[月-金] 15:00-21:00[土日祝] 12:00-21:00。年末年始定休日。,樽生ビール：グラスサイズ（250ｍL）　660円,"樽生ビール：パイントサイズ（470ｍL）　1,050円。樽生ビール：4種飲み比べセット（120ｍL x 4種）　1,210円。",自社輸入のオレゴン州産ビール＆サイダーのほか、国内で話題のブルワリーの樽も取り寄せています。その場で飲んだり、缶・ボトルを買ったり、自由にビールをお楽しみください。グラウラー量り売りもやっています。フードの持ち込みもOK！,"In addition to our own imported Oregon beer and cider, we also order kegs from popular breweries in Japan. Drink on the spot, buy cans and bottles, and enjoy beer freely. We also sell growler by weight. Bringing in food is also OK!",地下鉄西11丁目駅から徒歩約3分 ,有,,ビアセラーサッポロ,(011)211-8564,,https://ckan.pf-sapporo.jp/dataset/sapporo_kankou_spot/resource/5dd7a7a3-41a6-4cf6-b079-c132f8fc6ee8,CC BYに準拠。,http://beer-cellar-sapporo.com/,,文化;体験;飲食;ディナー;人;,感度;体験重視;一味違う;,若者G;家族;ビジネス;熟年;欧米豪;台湾;韓国;香港;中国;シンガポール;カップル;アジア富裕層;アジアその他;,春;夏;秋;冬;,現金;クレジットカード;電子マネー;,999円,"1,999円"
011002,0000000455,北海道,札幌市,大通ウェスト,板東珈琲,バンドウコーヒー,Bandou Coffee,2422,北海道札幌市中央区大通西11-4-190 橋本ビル1F,,43.058881,141.340365,月;火;水;木;金;土;日;,12:00,21:00,不定休,ことりブレンド(まろやか)　580円,季節のブレンド（優苦）　580円。ふくろうブレンド(ほろにが)　580円。,大通西１１丁目にあります 自家焙煎の珈琲店です,"Located in Odori-nishi 11-chome, this is a coffee shop that roasts in-house.",地下鉄東西線 “西11丁目” ２番出口より 徒歩１～２分,無,,板東珈琲,(011)251-3355,,https://ckan.pf-sapporo.jp/dataset/sapporo_kankou_spot/resource/72b7f5e7-60ae-4740-bd1d-964c9785682c,CC BYに準拠。,https://bandou-coffee.com/,,カフェ;飲食;体験;ランチ;ディナー;,感度;体験重視;一味違う;,若者G;家族;ビジネス;熟年;欧米豪;台湾;韓国;香港;中国;シンガポール;カップル;アジア富裕層;アジアその他;,春;夏;秋;冬;,現金;,999円,999円
011002,0000000456,北海道,札幌市,大通ウェスト,珈琲と衛星,コーヒートエイセイ,Coffee To Eisei,2422,北海道札幌市中央区大通西17丁目1-3 太田ビル1F,,43.059022,141.330745,水;木;金;土;日;,12:00,20:00,,衛星ブレンド　650円,カフェオレ　650円。ウィンナーコーヒー　780円。,『誰かにとってのもう一つの居場所』6席のみの小さなおひとり様専用喫茶店,"""Another place for someone"". A small single-person coffee shop with only 6 seats.",地下鉄西18丁目駅から徒歩3分,無,,珈琲と衛星,不明,,https://ckan.pf-sapporo.jp/dataset/sapporo_kankou_spot/resource/321e9877-1b9b-4e53-9a78-c87012a9bf6b,CC BYに準拠。,https://www.instagram.com/coffeetoeisei/,,文化;カフェ;飲食;ランチ;ディナー;,感度;共感;一味違う;,若者G;家族;ビジネス;熟年;欧米豪;台湾;韓国;香港;中国;シンガポール;カップル;アジア富裕層;アジアその他;,春;夏;秋;冬;,,999円,999円
011002,0000000477,北海道,札幌市,創成川イースト,牛かつと海鍋平田　二条市場本店,ギュウカツトウミナベ　ヒラタ　ニジョウイチバホンテン,Hirata NijoIchiba Main Street,2401,北海道札幌市中央区南3条東1丁目七,,43.058933,141.358384,月;火;水;木;金;土;日;,09:00,22:00,水曜日定休,"牛カツ定食　1,500円","和牛のヒレかつ定食　3,280円。和牛メンチかつ定食　1,280円。",テレビ塔から徒歩3分！せんべろも楽しめる二条市場内の北海道牛かつ専門店,3 minutes walk from the TV Tower! Tokachi beef cutlet specialty store in Nijo Market in Machinaka.,【南北線】大通駅から5分。すすきの駅から8分。,無,,牛かつと海鍋平田,(011)213-1388,,https://ckan.pf-sapporo.jp/dataset/sapporo_kankou_spot/resource/f687ecd0-ea56-420c-9e48-748f5443c22e,CC BYに準拠。,https://gyukatsuhirata.com/,,飲食;朝食;ランチ;ディナー;,一味違う;,若者G;家族;ビジネス;熟年;欧米豪;台湾;韓国;香港;中国;シンガポール;カップル;アジア富裕層;アジアその他;,春;夏;秋;冬;,現金;クレジットカード;電子マネー;,"1,000～1,999円","5,000～5,999円"
011002,0000000478,北海道,札幌市,創成川イースト,FIKA CAFE Lagom,フィーカ カフェ ラゴム,FIKA CAFE Lagom,2422,北海道札幌市中央区南4条東1丁目 フェアフィールド・バイ・マリオット札幌 1F,,43.057563,141.358707,月;火;水;木;金;土;日;,10:00,18:30,,"オリジナルタコス　1,570円","ラゴムミールサラダ　1,570円。フィーカアフタヌーンティーセット　3,000円。",FIKA〈フィーカ〉は、大切な人との時間をコーヒーやお茶、お菓子とともに楽しむ素敵な文化です。Lagom〈ラゴム〉は、自分にも相手にも“ほどよい”時間をお過ごしいただくカフェです。,"FIKA is a wonderful culture of enjoying time with loved ones with coffee, tea, and sweets. Lagom is a café where you and your partner can spend a “moderate” time.",東豊線「豊水すすきの駅」3番出口から徒歩3分,有,,FIKA CAFE Lagom,050-3628-5949,,https://ckan.pf-sapporo.jp/dataset/sapporo_kankou_spot/resource/fbdf78ec-4fd9-4982-9548-00ef9c35bcd8,CC BYに準拠。,https://www.ffsapporo-fb.com/cafe/,,体験;カフェ;飲食;生活;ランチ;,一味違う;感度;,若者G;家族;ビジネス;熟年;欧米豪;台湾;韓国;香港;中国;シンガポール;カップル;アジア富裕層;アジアその他;,春;夏;秋;冬;,現金;クレジットカード;電子マネー;,"1,999円","1,999円"
011002,0000000481,北海道,札幌市,創成川イースト,地酒とワイン　蔵太郎,ヂザケトワイン　クラタロウ,Local sake and wine Kurataro,2711,北海道札幌市中央区北3条東4丁目3-6 岩田醸造,,43.066879,141.361407,月;水;木;金;土;日;,10:00,20:00, [日曜、祝日]11:00-19:00,,,北海道みそ『紅一点』を造る岩田醸造(株)の子会社で、日本酒とワインを中心に、様々な商品を扱う酒屋です。岩田醸造の味噌はもちろん、焼酎、ウイスキー、ビールやリキュール、おつまみにピッタリの食品、こだわりの瓶ジュースなどなど…… 店舗の外観からは想像しにくいかもしれませんが、お酒に限らず、多種多様な商品が並んでいます。 日々の晩酌に、記念日に、贈り物に。 お客様一人ひとりにとって魅力ある商品を見つけていただければ幸いです。,"A subsidiary of Iwata Jozo Co., Ltd., which makes Hokkaido miso ""Keni-Itsuten"", it is a liquor store that mainly sells sake and wine. Iwata Jozo's miso, of course, but also shochu, whiskey, beer and liqueur, food that goes well with snacks, bottled juices, and more... It may be hard to imagine from the exterior of the store, but there are a wide variety of alcoholic beverages on offer. Various products are lined up. For daily evening drinks, anniversaries, and gifts. We hope that each and every customer will find an attractive product.",地下鉄バスセンター駅前から徒歩7分,無,,地酒とワイン　蔵太郎,(011)242-2130,,https://ckan.pf-sapporo.jp/dataset/sapporo_kankou_spot/resource/0a63cad1-2ec5-45cf-a912-8031565e1e75,CC BYに準拠。,http://kurataro.seesaa.net/,,文化;飲食;,感度;一味違う;,若者G;家族;ビジネス;熟年;欧米豪;台湾;韓国;香港;中国;シンガポール;カップル;アジア富裕層;アジアその他;,春;夏;秋;冬;,現金;,,
011002,0000000483,北海道,札幌市,札幌駅北,UNTAPPED HOSTEL,アンタップトホステル,UNTAPPED HOSTEL,2306,北海道札幌市北区北18条西4丁目1-8,,43.082162,141.346223,月;火;水;木;金;土;日;,00:00,24:00,,,,"“UNTAPPED”(＝未開発の・まだ見つかっていない)な北海道を満喫する始点 / 終点として、活きた情報が交わされる宿であり、旅人を、街を、この街に住む人を繋ぎ、""empower""する場所でありたいと思っています。ここでの滞在があらゆる人にとって心休まる時間になることを願ってやみません。","As a starting point and ending point for fully enjoying “UNTAPPED” (=undeveloped/undiscovered) Hokkaido, it is an inn where lively information is exchanged, connecting travelers, the city, and the people who live in this city, and “empowering”. ""I want it to be a place where we hope that your stay here will be a relaxing time for everyone.",地下鉄「北18条駅」から徒歩1分,無,,UNTAPPED HOSTEL,(011)788-4579,,https://ckan.pf-sapporo.jp/dataset/sapporo_kankou_spot/resource/67f36175-13cc-4940-b977-3307ac265103,CC BYに準拠。,https://untappedhostel.com/,,文化;人;生活;,人つながり;感度;体験重視;一味違う;,若者G;家族;ビジネス;熟年;欧米豪;台湾;韓国;香港;中国;シンガポール;カップル;アジアその他;,春;夏;秋;冬;,現金;,,
011002,0000000485,北海道,札幌市,札幌駅北,カレー食堂　心,カレーショクドウココロ,SOUP CURRY COCORO,2421,北海道札幌市北区北15条西4丁目2-23 シティハイムN15棟,,43.079704,141.346337,月;火;水;木;金;土;日;,11:30,22:00,不定休。売切れ次第終了。,"とり野菜のスープカレー　1,580円","スペシャルカレー　2,280円。骨付きチキンのスープカレー　1,100円。","「スープカレー 心」は、スープカレーの先駆者的店舗の一つであり、現在ではポピュラーとなった ""焦がしバジル""を使用したブイヨントマトベースの王道的なスープを確立させた。","""Soup Curry Kokoro"" was one of the pioneers of soup curry, and established the popular bouillon tomato-based soup using ""scorched basil"", which is now popular.",地下鉄南北線北18条駅 徒歩3分,有,,カレー食堂　心　札幌本店,(011)758-8758,,https://ckan.pf-sapporo.jp/dataset/sapporo_kankou_spot/resource/1a420ffe-63d2-4431-b5e4-fb753c53a672,CC BYに準拠。,https://cocoro-soupcurry.com/ja/,,文化;飲食;ディナー;ランチ;,一味違う;,若者G;家族;ビジネス;熟年;欧米豪;台湾;韓国;中国;香港;カップル;シンガポール;アジア富裕層;アジアその他;,春;夏;秋;冬;,現金;,"1,999円","1,999円"
011002,0000000486,北海道,札幌市,札幌駅北,PEUPLIER（ププリエ）,ププリエ,PEUPLIER,2707,北海道札幌市北区北12条西2丁目1-7,,43.075723,141.350717,水;木;金;土;日;,11:00,19:00,無くなり次第閉店。,"GALETTE CARAMEL SALÉ　1,150円","GALETTE FRAIS PISTACHE ＋CRÈME　1,640円。GALETTE OPÉRA ＋CRÈME　1,490円。",家族で営むスイーツの名店,A famous sweets shop run by a family.,地下鉄北12条駅から徒歩3分,無,,PEUPLIER,(011)736-0079,,https://ckan.pf-sapporo.jp/dataset/sapporo_kankou_spot/resource/06d916fc-f1f8-4772-9c58-bea0d4df1e3f,CC BYに準拠。,https://www.instagram.com/shihopatissiere/,,飲食;カフェ;ランチ;,一味違う;,若者G;家族;熟年;欧米豪;台湾;韓国;香港;中国;シンガポール;カップル;アジア富裕層;アジアその他;,春;夏;秋;冬;,現金;,,
